NOME,SEXO
ABELARDO,M
ABNER,M
ABRAAO,M
ABSALOM,M
ABSIRTO,M
ABSTEMIO,M
ABUD,M
ABUNDANCIO,M
ABUNDIO,M
ACABE,M
ACACE,M
ACACO,M
ACADEMOS,M
ACAIAH,M
ACANTO,M
ACARNANE,M
ACATES,M
ACAZ,M
ACCIOLI,M
ACELINO,M
ACELO,M
ACEMIRO,M
ACHILLE,M
ACILINO,M
ACINETO,M
ACIR,M
ACIS,M
ACRISIO,M
ACSA,M
ACTEAO,M
ACACIO,M
ACURCIO,M
ACURIO,M
ACURSIO,M
ADAH,M
ADAIR,M
ADALARD,M
ADALBERON,M
ADALBERTO,M
ADALELMO,M
ADALFREDO,M
ADALIAH,M
ADALMIRO,M
ADALRICO,M
ADALTON,M
ADALVINO,M
ADAM,M
ADAMANTINO,M
ADAMANTO,M
ADAMASTOR,M
ADAMIR,M
ADAMO,M
ADAMS,M
ADARI,M
ADAUTO,M
ADEL,M
ADELBAR,M
ADELELMO,M
ADELFO,M
ADELINO,M
ADELMAR,M
ADELMARINO,M
ADELMIRO,M
ADELMO,M
ADELPHO,M
ADELTRUDES,M
ADEMAR,M
ADEMIR,M
ADERALDO,M
ADERBAL,M
ADERICO,M
ADIB,M
ADIEL,M
ADIGENIO,M
ADIR,M
ADJUTO,M
ADLAI,M
ADLER,M
ADMETO,M
ADMIN,M
ADO,M
ADOLAR,M
ADOLFO,M
ADOLPHUS,M
ADOM,M
ADONAI,M
ADONIAS,M
ADONIRAM,M
ADONIRAN,M
ADRAMALEC,M
ADRIAN,M
ADRIANO,M
ADRIEL,M
ADRIEN,M
ADROALDO,M
ADROVALDO,M
ADAO,M
ADELIO,M
ADILIO,M
ADILSON,M
ADONIS,M
AFIF,M
AFONSO,M
AFRICANO,M
AFRODISIO,M
AFRANIO,M
AGABO,M
AGAMEDES,M
AGAMENON,M
AGAPANTO,M
AGAPENOR,M
AGASIAS,M
AGATOCLES,M
AGELAU,M
AGENOR,M
AGESILAU,M
AGEU,M
AGILDO,M
AGILULFO,M
AGIS,M
AGLAIO,M
AGLAUPO,M
AGLEDES,M
AGLIBERTO,M
AGNALDO,M
AGNATO,M
AGNELO,M
AGOSTINHO,M
AGOSTINO,M
AGRIPINO,M
AGRECIO,M
AGUILAR,M
AGUIMAR,M
AGUINALDO,M
AGUIRRE,M
AGUSTIN,M
AGUSTINE,M
AGAPIO,M
AGILIO,M
AHMAD,M
AIDIL,M
AIDONEUS,M
AIKO,M
AILSON,M
AIMBERE,M
AIMON,M
AIMORE,M
AIMAO,M
AIRES,M
AIRTON,M
AIRY,M
AIRAO,M
AJAGUNA,M
AJAX,M
AJURICABA,M
AKA,M
AKAMU,M
AKIRA,M
AL-SAMIR,M
ALABA,M
ALADIM,M
ALADINO,M
ALAIN,M
ALAIR,M
ALAM,M
ALAN,M
ALANO,M
ALAOR,M
ALAPAKI,M
ALARICO,M
ALAUDE,M
ALBANO,M
ALBARINO,M
ALBATENIO,M
ALBERICO,M
ALBERT,M
ALBERTINO,M
ALBERTO,M
ALBINO,M
ALBION,M
ALBOINO,M
ALBORNOZ,M
ALBUIM,M
ALBUQUERQUE,M
ALBILIO,M
ALCANDRO,M
ALCEBIADES,M
ALCER,M
ALCESTE,M
ALCEU,M
ALCIBIADES,M
ALCIDAMO,M
ALCIDANO,M
ALCIDO,M
ALCINDO,M
ALCINO,M
ALCIONEU,M
ALCIAO,M
ALCIDES,M
ALCIMENE,M
ALDEGUNDE,M
ALDEMIRO,M
ALDERICO,M
ALDIR,M
ALDO,M
ALDOMIRO,M
ALDONCA,M
ALEARDO,M
ALEBION,M
ALEC,M
ALEIXO,M
ALEJANDRO,M
ALENCAR,M
ALENCASTRO,M
ALEO,M
ALEPELEKO,M
ALESSANDRO,M
ALEX,M
ALEXANDER,M
ALEXANDRE,M
ALEXANDRINO,M
ALEXINO,M
ALFA,M
ALFENO,M
ALFEU,M
ALFIO,M
ALFONSO,M
ALFRED,M
ALFREDO,M
ALGAR,M
ALI,M
ALIENOR,M
ALISTAIR,M
ALIYAH,M
ALLAN,M
ALLAN-KARDEC,M
ALMASOR,M
ALMEIDA,M
ALMIR,M
ALMIRANTE,M
ALMIRO,M
ALMAQUIO,M
ALMERIO,M
ALONSO,M
ALOIS,M
ALOISIO,M
ALTINO,M
ALUISIO,M
ALECIO,M
ALIPIO,M
ALIRIO,M
AMADEU,M
AMADOR,M
AMIEL,M
AMIM,M
AMIN,M
AMINO,M
AMINTAS,M
AMINTOR,M
AMIR,M
AMON,M
AMONATI,M
AMORIM,M
AMORREU,M
AMPARO,M
AMPLIATO,M
AMPELIO,M
AMANCIO,M
AMANDIO,M
AMERICO,M
AMILCAR,M
AMOS,M
ANACLETO,M
ANACREONTE,M
ANAEL,M
ANAND,M
ANANDO,M
ANANIAS,M
ANASTASIUS,M
ANASTACIO,M
ANATOLE,M
ANATOLIO,M
ANAXARCO,M
ANAXAGORAS,M
ANCEU,M
ANCHIETA,M
ANCO,M
ANDERSEN,M
ANDERSON,M
ANDOMAR,M
ANDRADE,M
ANDRAS,M
ANDREOLI,M
ANDREW,M
ANDREZA,M
ANDRZEJ,M
ANDRE,M
ANDROMICO,M
ANDRONICO,M
ANDOCIDES,M
ANGELICO,M
ANICETO,M
ANOR,M
ANQUISES,M
ANSALDO,M
ANSBERTO,M
ANSELM,M
ANSELMINO,M
ANSELMO,M
ANSUR,M
ANTAL,M
ANTAR,M
ANTELMO,M
ANTENOR,M
ANTENORE,M
ANTERO,M
ANTEU,M
ANTHONY,M
ANTICIRO,M
ANTIGOWA,M
ANTIMACO,M
ANTISTENES,M
ANTO,M
ANTOINE,M
ANTON,M
ANTONIANO,M
ANTONIN,M
ANTONINO,M
ANTUNES,M
ANTALCIDAS,M
ANTA,M
ANTAO,M
ANTEMIO,M
ANTIDIO,M
ANTILOCO,M
ANTIOCO,M
ANTIOPE,M
ANTIPARA,M
ANTITIO,M
ANTONIO,M
ANUAR,M
ANAPIO,M
ANESIO,M
ANIBAL,M
ANUBIS,M
AODH,M
APARECIDO,M
APARICIO,M
APELES,M
APELIS,M
APIUNA,M
APOEMA,M
APOINAR,M
APOLINAIRE,M
APOLINO,M
APOLINARIO,M
APOLLINAIRIS,M
APOLLINARE,M
APOLLINE,M
APOLLON,M
APOLO,M
APOLODORO,M
APOLONIOS,M
APOLINIO,M
APOLONIO,M
APRIGIO,M
APUANA,M
APICIO,M
AQUIAS,M
AQUILES,M
AQUILAO,M
AQUINO,M
AQUILIO,M
ARACAE,M
ARACE,M
ARAGUACI,M
ARAGUARINO,M
ARAGAO,M
ARAJUBA,M
ARAMIS,M
ARAN,M
ARANTES,M
ARAPONGA,M
ARAPUA,M
ARAQUEM,M
ARARI,M
ARARIBOIA,M
ARARIPE,M
ARARUNA,M
ARARE,M
ARATAMA,M
ARATI,M
ARAI,M
ARAIBA,M
ARAIPE,M
ARAUJO,M
ARCO-VERDE,M
ARCADIO,M
ARCANGELO,M
ARDEN,M
ARDUINO,M
ARGAIOS,M
ARGEMIRO,M
ARGENTINO,M
ARGEU,M
ARGOS,M
ARI,M
ARIANO,M
ARIBERTO,M
ARIEL,M
ARILDO,M
ARINOS,M
ARION,M
ARIONTE,M
ARIOSTO,M
ARIOVALDO,M
ARISTARCO,M
ARISTEU,M
ARISTIDES,M
ARISTODEMO,M
ARISTODEMOS,M
ARISTAGORAS,M
ARISTOBULO,M
ARISTOCLES,M
ARISTOFANES,M
ARISTOFILO,M
ARISTOTELES,M
ARKADIUS,M
ARKELL,M
ARLINDO,M
ARMAND,M
ARMANDO,M
ARMIM,M
ARMINDO,M
ARMENIO,M
ARMINIO,M
ARNALDO,M
ARNOLDO,M
ARNOLFO,M
ARNON,M
ARNS,M
ARNULFO,M
ARNOBIO,M
ARONNE,M
AROUCHE,M
ARQUELAU,M
ARQUIBALDO,M
ARQUIMEDES,M
ARRAIS,M
ARRIGO,M
ARRUDA,M
ARSENIO,M
ARTHUR,M
ARTUR,M
ARTEMIO,M
ARVIDIO,M
ARY,M
ARATOR,M
ARAO,M
ARESIO,M
ARISTON,M
ASA,M
ASAEL,M
ASAFE,M
ASCANIO,M
ASDRUBAL,M
ASENATE,M
ASILEU,M
ASMA,M
ASPASIO,M
ASSARADON,M
ASSIS,M
ASSUERO,M
ASSUNCAO,M
ASSUR,M
ASTAROTH,M
ASTER,M
ASTOR,M
ASTRID,M
ASTRIDE,M
ASTROGILDO,M
ASTEMIO,M
ATAMANTE,M
ATANAGILDO,M
ATANASIO,M
ATAULFO,M
ATAIDE,M
ATENEU,M
ATHOS,M
ATICO,M
ATLAS,M
ATOS,M
ATREU,M
ATILIO,M
AUGUSTINE,M
AUGUSTINHO,M
AUGUSTO,M
AUKANAII,M
AURELIANO,M
AURY,M
AURELIO,M
AUSTREGESILO,M
AVARE,M
AVATI,M
AVELAR,M
AVIS,M
AXEL,M
AYALA,M
AYRTON,M
AZAEL,M
AZAIR,M
AZARIAS,M
AZEVEDO,M
AZIM,M
AZIZ,M
AECIO,M
AENEAS,M
AILTON,M
BACELAR,M
BACHIR,M
BACHMANN,M
BACKER,M
BACO,M
BACUARA,M
BADI,M
BADIN,M
BAEPENDI,M
BAGE,M
BAHMAN,M
BAIARDO,M
BAILEY,M
BAIO,M
BALAAO,M
BALBINO,M
BALBO,M
BALBOA,M
BALBILIO,M
BALDERICO,M
BALDO,M
BALDOMAR,M
BALDOMERO,M
BALDOVINO,M
BALDUINO,M
BALDWIN,M
BALEO,M
BALSTER,M
BALTAR,M
BALTASAR,M
BALTAZAR,M
BARAC,M
BARAQUIAS,M
BARBACENA,M
BARCELOS,M
BARK,M
BARNABAS,M
BARNABY,M
BARNABE,M
BARNEY,M
BARON,M
BARREIROS,M
BARSARE,M
BART,M
BARTINIK,M
BARTOLO,M
BARTOLOMEU,M
BARUC,M
BARUQUE,M
BASIL,M
BASILEU,M
BASILIANO,M
BASILIDES,M
BASILINDO,M
BASILINO,M
BASTOS,M
BASILIO,M
BATIMEU,M
BATISTA,M
BATISTINO,M
BATUEL,M
BAYER,M
BEAULAH,M
BECKER,M
BEHAEL,M
BELAMI,M
BELAMINO,M
BELAMIRO,M
BELARMINO,M
BELCANTO,M
BELEROFONTE,M
BELISARIO,M
BELMIRO,M
BELMONTE,M
BELQUIR,M
BELQUIS,M
BELTRAO,M
BEN,M
BEN-HUR,M
BENAMI,M
BENEDITO,M
BENEVENUTO,M
BENEVOLO,M
BENGT,M
BENIGNO,M
BENITO,M
BENJAMIM,M
BENOIT,M
BENONI,M
BENSABAT,M
BENSON,M
BENTES,M
BENTO,M
BENVINDO,M
BENICIO,M
BEOTO,M
BERALDO,M
BERARDO,M
BERENGAR,M
BERGHAMAN,M
BERILO,M
BERMONDO,M
BERNARDO,M
BERTAGNOLI,M
BERTHOLD,M
BERTINO,M
BERTO,M
BERTOLDO,M
BERTOLI,M
BERTOLINO,M
BERTRAM,M
BERTRANDO,M
BERTARIO,M
BERILIO,M
BEULAH,M
BIANOR,M
BIARA,M
BILL,M
BINDER,M
BIRIGUI,M
BIRON,M
BISMARK,M
BISPO,M
BITENCOURT,M
BLANDINO,M
BLANDO,M
BLOCH,M
BOB,M
BOGDAN,M
BOGDANA,M
BOGUMIL,M
BOIARDO,M
BOLIVAR,M
BONIFANTE,M
BONIFACIO,M
BONJY,M
BORGHILD,M
BORISLAV,M
BOSCO,M
BOURBON,M
BOYD,M
BRAN,M
BRANCO,M
BRANDON,M
BRANDAO,M
BRASILIANO,M
BRASILIA,M
BRENHO,M
BRENO,M
BRETAS,M
BRIAN,M
BRIAREU,M
BRISEU,M
BRISTOL,M
BRITO,M
BRIZOLA,M
BROCHADO,M
BROMBERG,M
BRONWEN,M
BROOK,M
BROOKE,M
BRUNO,M
BRUNOT,M
BRUNSWICHK,M
BRYAN,M
BRAS,M
BRICIO,M
BRIGIDO,M
BUD,M
BUENO,M
BURNIER,M
BURTON,M
BUSMEYER,M
BYRON,M
BADUI,M
BALDER,M
BELGIO,M
BORIS,M
CABRAL,M
CABUCU,M
CACO,M
CADMO,M
CAECULUS,M
CAETANO,M
CAIM,M
CAIO,M
CAIUBI,M
CAIUA,M
CAJURU,M
CALAIS,M
CALCANTE,M
CALEB,M
CALED,M
CALINO,M
CALISTO,M
CALISTRATO,M
CALVIN,M
CALVINO,M
CALIDNO,M
CALIGULA,M
CAM,M
CAMARAO,M
CAMEL,M
CAMILO,M
CAMIRO,M
CAMPESINO,M
CAMRON,M
CANDIDO,M
CANINDE,M
CANUTO,M
CAOILAINN,M
CAPITOLINO,M
CARAMURU,M
CARIAN,M
CARIO,M
CARIOCA,M
CARLINDO,M
CARLITO,M
CARLO,M
CARLOS,M
CARLTON,M
CARMELIANO,M
CARMELO,M
CARONTE,M
CARTER,M
CARIDOTO,M
CASEY,M
CASIMIR,M
CASIMIRO,M
CASSIANO,M
CASTILHO,M
CASTO,M
CATALDI,M
CATREU,M
CATULO,M
CATAO,M
CAUAN,M
CAUBI,M
CAUA,M
CAUE,M
CAXAMBU,M
CAYRES,M
CAICO,M
CAIQUE,M
CECIL,M
CECILIANO,M
CECILIO,M
CEDAR,M
CEFAS,M
CEFEU,M
CELERINO,M
CELESTINO,M
CELINO,M
CELSO,M
CENEU,M
CERCION,M
CESARE,M
CESARINO,M
CEZAR,M
CHAIM,M
CHAMBERLAIM,M
CHANDLER,M
CHANG,M
CHANTAL,M
CHARLTON,M
CHELSEA,M
CHERMONT,M
CHESTER,M
CHICO,M
CHILON,M
CHRIS,M
CHRISTER,M
CHRISTIAN,M
CHRISTOFER,M
CHUCK,M
CIARAN,M
CICREU,M
CID,M
CINCINATO,M
CIPRIANO,M
CIRANO,M
CIRILO,M
CIRINEU,M
CIRO,M
CIRIACO,M
CISSEU,M
CLANCY,M
CLARK,M
CLARENCIO,M
CLAUDIANO,M
CLAUDIONOR,M
CLAYTON,M
CLEMENTE,M
CLEMENTINO,M
CLEMENCIO,M
CLEODORO,M
CLEON,M
CLEONIE,M
CLEONTE,M
CLEOFAS,M
CLEOMEDES,M
CLEONIDES,M
CLIMERIO,M
CLINTON,M
CLITO,M
CLODOALDO,M
CLODOMIRO,M
CLODOVEU,M
CLODOVIL,M
CLODOVIU,M
CLOTARIO,M
CLOUD,M
CLAUDINO,M
CLAUDIO,M
CLAUSIO,M
CLANCIO,M
CLEBER,M
CLEVER,M
CLISTENES,M
CLOVIS,M
COBI,M
COIMBRA,M
COLATINO,M
COLE,M
COLLET,M
COLOMANO,M
COLOMBINO,M
COLOMBO,M
COLTON,M
CONRAD,M
CONRADO,M
CONSTANTE,M
CONSTANTINO,M
CONTARDO,M
CONTE,M
COPREU,M
COPERNICO,M
CORDATO,M
CORDEL,M
CORINTO,M
CORNELIO,M
COSME,M
COSMO,M
COUTO,M
CRASSO,M
CRISANTO,M
CRISPIANO,M
CRISPIM,M
CRISPIN,M
CRISPO,M
CRISTIANO,M
CRISTINO,M
CRISTO,M
CRISTOVAO,M
CRISOSTOMO,M
CUPELO,M
CUPERTINO,M
CUPIDO,M
CURVELO,M
CUSTODIO,M
CZESLAW,M
CALAMO,M
CAON,M
CASPER,M
CASSIO,M
CAULON,M
CANDOLE,M
CECROPS,M
CELEO,M
CELICO,M
CELIO,M
CESAR,M
CEU,M
CICERO,M
DACIANO,M
DAGMAR,M
DAGOBERTO,M
DAGOM,M
DAGOMAR,M
DAICHI,M
DALBERTO,M
DALMIRO,M
DALMACIO,M
DALTIVO,M
DALTON,M
DAMACENO,M
DAMASCENO,M
DAMASO,M
DAMASTOR,M
DAMIANO,M
DAMIAO,M
DAMON,M
DAMASIO,M
DAN,M
DANIEL,M
DANILO,M
DANTE,M
DANTON,M
DANUTO,M
DARCENO,M
DARCI,M
DARCENIO,M
DARDENO,M
DARIN,M
DARIO,M
DARIUS,M
DAROS,M
DARWIN,M
DAVI,M
DAVID,M
DAVIDSON,M
DAVINO,M
DEDAN,M
DEIMOS,M
DELANO,M
DELFIM,M
DELFINO,M
DELMAR,M
DELMIRO,M
DEMARATO,M
DEMAS,M
DEMETRIO,M
DEMETRIUS,M
DEMOCRATES,M
DEMOCRITO,M
DENIEL,M
DENILSON,M
DENIS,M
DENZEL,M
DENI,M
DEOCLECIANO,M
DEODATO,M
DEODORO,M
DEOLINDO,M
DERCINO,M
DEREK,M
DESIDERIO,M
DEUS,M
DEUSDEDIT,M
DEXTER,M
DIAURUM,M
DIB,M
DICK,M
DICKSON,M
DICTEU,M
DIEGO,M
DIETRICH,M
DIEUDONEE,M
DILAN,M
DILERMANDO,M
DIMAS,M
DIMITRE,M
DIMITRI,M
DINARTE,M
DINIS,M
DINIZ,M
DINO,M
DIOCLECIANO,M
DIOCLES,M
DIOCLECIO,M
DIOGO,M
DIOMAR,M
DIOMEDES,M
DIOMIRO,M
DION,M
DIONISIO,M
DIOROS,M
DIRCEU,M
DIVINO,M
DIENECES,M
DIOGENES,M
DJALMA,M
DMITRY,M
DOBROMIL,M
DOLABELA,M
DOMICIANO,M
DOMINGOS,M
DOMINIC,M
DOMENICO,M
DOMICIO,M
DONALD,M
DONALDO,M
DONATELLO,M
DONATELO,M
DONATIEN,M
DONATO,M
DONGA,M
DORIANO,M
DORIVAL,M
DORVAL,M
DOUG,M
DOUGLAS,M
DOURIVAL,M
DRACO,M
DRACON,M
DRAGOMIR,M
DRIMACO,M
DUANE,M
DUARTE,M
DULCIDIO,M
DUPRAT,M
DURAND,M
DURVAL,M
DURVALINO,M
DURWARD,M
DUILIO,M
DACIO,M
DARCIO,M
DASCILO,M
DAMOCLES,M
DANAO,M
DECIO,M
DEDALO,M
DELFICO,M
DELIO,M
DIDIMO,M
DORIS,M
EALA,M
EANES,M
EARL,M
EBENEZER,M
EBERALDO,M
EBERT,M
EBONY,M
EBRAIM,M
ECLEU,M
ECO,M
EDBERTO,M
EDDY,M
EDEGAR,M
EDEMIR,M
EDEN,M
EDGAR,M
EDGARD,M
EDGARDO,M
EDILBERTO,M
EDILSON,M
EDISEU,M
EDIVALDO,M
EDMAR,M
EDMARCIO,M
EDMILSON,M
EDMO,M
EDMOND,M
EDMUNDO,M
EDNO,M
EDOARDO,M
EDOM,M
EDSON,M
EDUARDO,M
EDVALDO,M
EDVINO,M
EDWARD,M
EDWIN,M
EDWINO,M
EDESIO,M
EFRAIM,M
EFREM,M
EGBERT,M
EGBERTO,M
EGEO,M
EGEU,M
EGIL,M
EGINARDO,M
EGITO,M
EGIDIO,M
EHU,M
EIDIL,M
EIKE,M
EINAR,M
EISTEIN,M
EKEKA,M
EKEMONA,M
EKENA,M
EKEWAKA,M
EKUALO,M
ELAM,M
ELATO,M
ELDER,M
ELDRED,M
ELEAKIM,M
ELEANOR,M
ELEAZAR,M
ELEONOR,M
ELEOTERO,M
ELEUTERIO,M
ELFORT,M
ELI,M
ELIANO,M
ELIAQUIM,M
ELIAS,M
ELIASOE,M
ELIFAZ,M
ELINOR,M
ELIOT,M
ELISE,M
ELISEU,M
ELISARIO,M
ELIEZER,M
ELIU,M
ELMANO,M
ELMAR,M
ELMER,M
ELPENOR,M
ELPIDIO,M
ELQUENOR,M
ELTON,M
ELVINO,M
ELVIS,M
ELZEARIO,M
ELA,M
ELICIO,M
ELIDIO,M
ELIGIO,M
ELISIO,M
ELOI,M
EMANUEL,M
EMARA,M
EMARE,M
EMERSON,M
EMILIANO,M
EMIR,M
EMILIO,M
ENARE,M
ENCARNACION,M
ENDI,M
ENIO,M
ENO,M
ENOQUE,M
ENOS,M
ENRICO,M
ENRIQUE,M
ENZO,M
ENEIAS,M
EPAMINONDAS,M
EPHRAIM,M
EPI,M
EPICASTA,M
EPIFANIO,M
EPIMENIDES,M
EPITACIO,M
EPENETO,M
EPICARES,M
EPICURO,M
EPIGONE,M
EPITETO,M
ERALDO,M
ERARD,M
ERARDO,M
ERASMO,M
ERASTO,M
ERCILIO,M
ERIBERTO,M
ERIC,M
ERICK,M
ERICO,M
ERIK,M
ERMELINDO,M
ERMENEGILDO,M
ERMINIO,M
ERMIRIO,M
ERNEST,M
ERNESTO,M
ERNANI,M
EROS,M
ERVAL,M
ERVIN,M
ERVINO,M
ESAU,M
ESCOBAR,M
ESCOLASTICO,M
ESCULAPIO,M
ESDRAS,M
ESEQUIEL,M
ESME,M
ESMOND,M
ESMONDO,M
ESPEDITO,M
ESPERIDIAO,M
ESPARTACO,M
ESSOBY,M
ESTANISLAU,M
ESTEFANIO,M
ESTENTOR,M
ESTEVAN,M
ESTEVES,M
ESTEVAO,M
ESTACIO,M
ESTEFANAS,M
ESTEFANO,M
ESTELIO,M
ESTENIO,M
ESIDIO,M
ETELVINO,M
ETEVALDO,M
ETHAN,M
ETHEL,M
ETTORE,M
EUCLES,M
EUCLIDES,M
EUDES,M
EUDORICO,M
EUDORO,M
EUDOXIO,M
EUFRANOR,M
EUFRASIO,M
EUGENIO,M
EULER,M
EULINO,M
EULALIO,M
EUMELO,M
EUMENES,M
EUMENIS,M
EUNAPIO,M
EUQUENOR,M
EURO,M
EURODO,M
EURIPEDES,M
EUSTAQUIO,M
EUSEBIO,M
EUTERPE,M
EVAISTO,M
EVALDO,M
EVANDRO,M
EVANGELISTA,M
EVANILDO,M
EVARISTO,M
EVERALDO,M
EVERARDO,M
EVERTON,M
EXPEDITO,M
EZEQUIAS,M
EZEQUIEL,M
EACIDO,M
ECAPIRA,M
FABIAN,M
FABIANO,M
FABRIZIO,M
FABRICIO,M
FADEL,M
FAETONTE,M
FAGUNDES,M
FAGUNDO,M
FAHIR,M
FAITH,M
FAIZEL,M
FAICAL,M
FAJARDO,M
FALCAO,M
FANOR,M
FAON,M
FARELL,M
FARID,M
FAROS,M
FARUK,M
FASCINIO,M
FAUNO,M
FAUSTINO,M
FAUSTO,M
FAUZI,M
FAVORINO,M
FAYARD,M
FEBO,M
FEDALTO,M
FEDATO,M
FEDERIGO,M
FEDON,M
FEDRO,M
FEGEU,M
FEITAL,M
FEITOSA,M
FELICIANO,M
FELIPE,M
FELISBELO,M
FELISBERTO,M
FELISMINO,M
FELENIO,M
FELICIO,M
FENAIO,M
FERDINANDO,M
FERGUS,M
FERNANDES,M
FERNANDINO,M
FERNANDO,M
FERNAO,M
FERON,M
FERRAZ,M
FESTO,M
FIDEL,M
FIDO,M
FIDELIO,M
FIDELIS,M
FIDENCIO,M
FILARETO,M
FILETO,M
FILIBERTO,M
FILINTO,M
FILIPE,M
FILODEMO,M
FILOGONIO,M
FILOMENO,M
FILEAS,M
FILEMON,M
FINGAL,M
FINEAS,M
FIRMINIANO,M
FIRMINO,M
FIRMO,M
FIACRIO,M
FLABELA,M
FLAMINIO,M
FLAUSINO,M
FLAVIANO,M
FLEUR,M
FLEURY,M
FLORENTINO,M
FLORESTANO,M
FLORIAN,M
FLORIANO,M
FLORO,M
FLORENCIO,M
FLOYD,M
FLYNN,M
FLAVIO,M
FONSECA,M
FONTES,M
FONTOURA,M
FOREL,M
FORTUNA,M
FORTUNATO,M
FOX,M
FRABRICIANO,M
FRADIQUE,M
FRAGOSO,M
FRANCELINO,M
FRANCESCO,M
FRANCISCO,M
FRANCLIM,M
FRANCO,M
FRANCILIO,M
FRANK,M
FRANKLIN,M
FRANS,M
FRANCOIS,M
FREDERICO,M
FREJA,M
FRIEDERIKE,M
FRITZ,M
FRONTIN,M
FRUTUOSO,M
FRONTIS,M
FUAD,M
FULTON,M
FURLAN,M
FABIO,M
FARIS,M
FATUO,M
FAUSTOLO,M
FELIX,M
FERES,M
FENIX,M
FIDIAS,M
FIDIO,M
FOSTER,M
FULVIO,M
GABOR,M
GABRIEL,M
GABINIO,M
GAD,M
GADI,M
GADITANO,M
GAEL,M
GAGO,M
GAIO,M
GALATES,M
GALDINO,M
GALENO,M
GALESO,M
GALHARDO,M
GALIENO,M
GALILEO,M
GALILEU,M
GALVINO,M
GALVAO,M
GAMALIEL,M
GAMARRA,M
GANDOLFO,M
GANIMEDES,M
GARIB,M
GARIBALDI,M
GARNET,M
GARNIER,M
GARRET,M
GARRIDO,M
GARTH,M
GARY,M
GASPAR,M
GASTAO,M
GAUDENCIO,M
GAYLORD,M
GEDEAO,M
GEDAO,M
GELMIRES,M
GEMINIANO,M
GENARO,M
GENCIANO,M
GENEROSO,M
GENIVAL,M
GENIVALDO,M
GENTIL,M
GENESIO,M
GEOFFREY,M
GEORG,M
GEORGES,M
GEOVANE,M
GERALDINO,M
GERALDO,M
GERARDO,M
GERD,M
GEREMARO,M
GERHARD,M
GERIN,M
GERIAO,M
GERMAIN,M
GERMANO,M
GERTRAUD,M
GERVASIO,M
GERONCIO,M
GESUINO,M
GETULIO,M
GEORGE,M
GIACOMO,M
GIBRAIL,M
GIGLIO,M
GILBERTO,M
GILDO,M
GILES,M
GILMAR,M
GIOVANNI,M
GLICERIO,M
GODOFREDO,M
GOIAS,M
GOLDMAN,M
GOLIAS,M
GOMER,M
GOMES,M
GONCALO,M
GOTARDO,M
GOULARD,M
GOULART,M
GRACILIANO,M
GRACINALDO,M
GRACINDO,M
GRACINIATO,M
GRACO,M
GRACILIO,M
GRAJAU,M
GRATIANO,M
GRAZIANO,M
GREGOR,M
GREGORIO,M
GRIMALDI,M
GRINO,M
GUALBERTO,M
GUALTIERO,M
GUARANI,M
GUAYI,M
GUACU,M
GUERINO,M
GUIDO,M
GUILHERME,M
GUMERCINDO,M
GUMERSINDO,M
GUNDA,M
GUNTER,M
GURGEL,M
GURINHEM,M
GUSTAVO,M
GUTO,M
GUALTER,M
GABRIO,M
GERSON,M
GILSON,M
GORKI,M
HALEHALE,M
HALEVI,M
HALEY,M
HAMID,M
HAMILCAR,M
HAMILTON,M
HAMISH,M
HAMLET,M
HAMON,M
HANAUHOU,M
HANIEL,M
HANNIBAL,M
HANOM,M
HANON,M
HANS,M
HANIBAL,M
HARAHEL,M
HARDY,M
HARMON,M
HAROLD,M
HAROLDO,M
HARRIET,M
HARRISON,M
HARRISSON,M
HARRY,M
HARTMUT,M
HARTWIG,M
HASAN,M
HASKEL,M
HASSAN,M
HATHOR,M
HAUOLIMAU,M
HAVILAH,M
HAYATO,M
HAYDEN,M
HAZEL,M
HAZIEL,M
HEATHER,M
HECTOR,M
HEDI,M
HEIDRUN,M
HEIKO,M
HEINZ,M
HEITOR,M
HELENO,M
HELGE,M
HELI,M
HELIBERTO,M
HELMUT,M
HELOTES,M
HELADIO,M
HEMETERIO,M
HENDERSON,M
HENELE,M
HENELIAKA,M
HENOHENO,M
HENOQUE,M
HENRI,M
HENRIKE,M
HENRIQUE,M
HENRY,M
HERCULANO,M
HERCILIO,M
HERMAN,M
HERMANO,M
HERMENEGILDO,M
HERMES,M
HERMETO,M
HERMINE,M
HERMON,M
HERMINIO,M
HERMOGENES,M
HERODES,M
HERODIAO,M
HERON,M
HEROS,M
HERSILIO,M
HERACLIO,M
HERACLITO,M
HERODOTO,M
HIDALGO,M
HIDETAKA,M
HIERO,M
HIGINO,M
HILAL,M
HILBERT,M
HILDEBERTO,M
HILDEBRANDO,M
HILDEFONSO,M
HILDERICO,M
HILARIO,M
HIMENEU,M
HIMINEU,M
HIPOLITO,M
HIRAM,M
HIRAN,M
HIROKI,M
HIROSHI,M
HIROITO,M
HIRA,M
HIRONIDES,M
HISIODO,M
HIEROCLES,M
HOGO,M
HOIRANDI,M
HOKUOKEKAI,M
HOMERO,M
HONG,M
HONORATO,M
HONORINO,M
HONORIO,M
HORMENIO,M
HORST,M
HORTON,M
HORTENSIO,M
HORACIO,M
HUBERT,M
HUBERTO,M
HUGH,M
HUGO,M
HUMBERTO,M
HUNTER,M
HUR,M
HURASSI,M
HALIM,M
HELDER,M
HELIO,M
HERACLES,M
HERCULES,M
HEBER,M
HILTON,M
IACO,M
IAGO,M
IAKOPA,M
IAMANA,M
IAN,M
IATAI,M
IBACEM,M
IBANEZ,M
IBAQUE,M
IBARE,M
IBATE,M
IBERE,M
IBIACU,M
IBIRACI,M
IBIRAJARA,M
IBIRAJA,M
IBIRI,M
IBRAHIM,M
IBRAIM,M
IBURA,M
IBA,M
ICANOR,M
ICER,M
ICHIRO,M
ICRA,M
ICTINO,M
ICARIO,M
ICEM,M
ICILIO,M
IDALINO,M
IDMON,M
IDOMENEU,M
IDOMEU,M
IDRIL,M
IDALIO,M
IDARIO,M
IFIGENIO,M
IGACI,M
IGAPI,M
IGLESIAS,M
IGOR,M
IGUATEMI,M
IGUACU,M
IHILANE,M
IHILANI,M
IKAIKA,M
ILAH,M
ILDEFONSO,M
ILO,M
ILUMINATO,M
IMAEL,M
IMAMAIAH,M
INALECIO,M
INANDE,M
INCA,M
INGO,M
INGOMAR,M
INOCENCIO,M
INACIO,M
IOSHUA,M
IPOJUCA,M
IPUPIARA,M
IRAMAIA,M
IRAPUA,M
IRAE,M
IRENEU,M
IRINEU,M
IRIRI,M
IRVING,M
ISAAC,M
ISAIAH,M
ISAO,M
ISAQUE,M
ISAR,M
ISAURO,M
ISAIA,M
ISAIAS,M
ISEU,M
ISIDORO,M
ISIDRO,M
ISMAEL,M
ISMAIL,M
ISMENIO,M
ISNAR,M
ISNARDO,M
ISRAEL,M
ITABIRA,M
ITAGIBA,M
ITAJUI,M
ITAMAR,M
ITAMBE,M
ITAPOA,M
ITATIBA,M
ITAU,M
ITONO,M
ITUBORE,M
ITURIEL,M
ITAPOLIS,M
IVAIR,M
IVALDIR,M
IVAN,M
IVANHOE,M
IVAI,M
IVO,M
IVOR,M
IVA,M
IWIN,M
IZOLINO,M
JABEL,M
JABINO,M
JABOATAO,M
JABRIEL,M
JABRIL,M
JACICOE,M
JACIENDI,M
JACIMIRA,M
JACINIR,M
JACINTO,M
JACIR,M
JACKSON,M
JACOB,M
JACOME,M
JACQUES,M
JACQUI,M
JACO,M
JADON,M
JAEL,M
JAFAR,M
JAFET,M
JAFE,M
JAGUAR,M
JAIME,M
JAIR,M
JAIRE,M
JAIRO,M
JAKOB,M
JAMAL,M
JAMES,M
JAMIL,M
JANDIR,M
JANGO,M
JANNIKE,M
JANO,M
JANUARIO,M
JAQUE,M
JAQUES,M
JAQUI,M
JARBAS,M
JARDANO,M
JARDEL,M
JARDINE,M
JARED,M
JAREDE,M
JARI,M
JAROMIR,M
JARVIS,M
JASAO,M
JATI,M
JATIR,M
JAVAN,M
JAVANO,M
JAVAE,M
JAVIER,M
JAVE,M
JAZIEL,M
JEAN,M
JECABEBE,M
JEFFERSON,M
JEFFREY,M
JENS,M
JEOVA,M
JEPIARA,M
JEREMIAH,M
JEREMIAS,M
JERONIMO,M
JESSE,M
JESUS,M
JESUINO,M
JETRO,M
JEWEL,M
JEZABEL,M
JIM,M
JIMY,M
JIN,M
JOABE,M
JOACI,M
JOAMAR,M
JOAN,M
JOAQUIM,M
JOATA,M
JOBIM,M
JOCELIM,M
JOCELIN,M
JOCELYN,M
JOEL,M
JOELLE,M
JOH,M
JOHN,M
JOLY,M
JONA,M
JONAS,M
JONATHAN,M
JORDANO,M
JORDAO,M
JORGE,M
JORGEN,M
JORIE,M
JOSAFA,M
JOSEMAR,M
JOSEPH,M
JOSHUA,M
JOSIAH,M
JOSIAS,M
JOSUE,M
JOSE,M
JOUVIN,M
JOVIANO,M
JOVINO,M
JOVITO,M
JOAO,M
JUACI,M
JUACIR,M
JUAN,M
JUAREZ,M
JUBAL,M
JUCA,M
JUDAS,M
JUDA,M
JULIANO,M
JUNO,M
JUPI,M
JURACI,M
JURANDIR,M
JURECE,M
JUSCELINO,M
JUSTINIANO,M
JUSTINO,M
JUSTO,M
JUSTUS,M
JUVENAL,M
JUVENTINO,M
JACOMO,M
JADER,M
JAPER,M
JASPER,M
JANIO,M
JO,M
JOBSON,M
JORIO,M
JONATAS,M
JONIO,M
JULIO,M
JUNIO,M
JUNIOR,M
JUPITER,M
KAAB,M
KAAKAKONA,M
KABIR,M
KAI,M
KAIA,M
KAILOLA,M
KAIO,M
KAIQUE,M
KAKALI,M
KALA,M
KALAWINA,M
KALE,M
KALED,M
KALEO,M
KALIL,M
KALOKA,M
KALUANA,M
KAMADEVA,M
KAMADEWA,M
KAMAL,M
KAMALA,M
KAMBY,M
KAMEAHOOKOHOIA,M
KAMONA,M
KAMUELA,M
KANA,M
KANAUA,M
KANE,M
KANEKI,M
KANIELA,M
KANJI,M
KANOPE,M
KAPANE,M
KAPILA,M
KARA,M
KARAN,M
KARL,M
KASPAR,M
KASSIM,M
KATSUO,M
KAUAN,M
KAUA,M
KAUE,M
KAZUAKI,M
KAZUMI,M
KAZUO,M
KEAMUKA,M
KEANE,M
KEDAR,M
KEEFE,M
KEEGAN,M
KEENAN,M
KEITH,M
KELVIN,M
KEMP,M
KEN,M
KENANA,M
KENDALL,M
KENICHI,M
KENJIRO,M
KENNEDY,M
KENNETH,M
KENRICK,M
KENT,M
KENTARO,M
KENTO,M
KEOKOLO,M
KEOPELE,M
KERMIT,M
KERRY,M
KEVIN,M
KHALIL,M
KHURI,M
KIERAN,M
KIICHI,M
KILIANO,M
KILLIAN,M
KIMBALL,M
KIMBERLEY,M
KIMO,M
KINDERMAN,M
KING,M
KINI,M
KIRK,M
KLAUS,M
KLEBER,M
KNOX,M
KNUT,M
KOCH,M
KOJI,M
KOLA,M
KOLOMONA,M
KOMA,M
KONDER,M
KONI,M
KONRAD,M
KOTARO,M
KREMER,M
KRIGER,M
KRIGOR,M
KRISTOFER,M
KURI,M
KURT,M
KYLE,M
KYLIE,M
LABAO,M
LABERIO,M
LACEDEMON,M
LACIRANDY,M
LACINIO,M
LADISLAS,M
LADISLAU,M
LADARIO,M
LADAO,M
LAERTE,M
LAHANAU,M
LAHETO,M
LAIO,M
LAIR,M
LAKE,M
LALELA,M
LALEPA,M
LALI,M
LALO,M
LAMAKI,M
LAMAR,M
LAMBERT,M
LAMBERTO,M
LAMECH,M
LAMEQUE,M
LANAKALA,M
LANCELOT,M
LANDIM,M
LANDOLFO,M
LAOCONTE,M
LAODAMIA,M
LAPA,M
LARRY,M
LARS,M
LATINO,M
LAUDELINO,M
LAUDEMIR,M
LAUDO,M
LAUDALIO,M
LAUREANO,M
LAUREL,M
LAUREN,M
LAURENCE,M
LAURENT,M
LAURENTINE,M
LAURIANO,M
LAURINO,M
LAURO,M
LAURENCIO,M
LAVAL,M
LAVINIO,M
LAERCIO,M
LAODICE,M
LEAGRO,M
LEAL,M
LEANDER,M
LEANDRO,M
LEE,M
LEMOINE,M
LEMUEL,M
LENORE,M
LEO,M
LEOCADIA,M
LEODONIA,M
LEON,M
LEONARDO,M
LEONEL,M
LEONIE,M
LEONILDES,M
LEONIDIO,M
LEOPOLDINO,M
LEOPOLDO,M
LERI,M
LEROY,M
LETO,M
LEUCE,M
LEUPENA,M
LEVI,M
LEVINDO,M
LEONCIO,M
LIADAN,M
LIBERATO,M
LIBERATORE,M
LIBANIO,M
LIBORIO,M
LIGORIO,M
LIKEKE,M
LINEU,M
LINO,M
LINUS,M
LIONEL,M
LIOUBA,M
LISARTE,M
LIVINO,M
LOKELIKA,M
LOKENE,M
LOKINE,M
LOMBARDI,M
LOPAKA,M
LOPINE,M
LORENZO,M
LORETO,M
LORESIO,M
LOT,M
LOTENO,M
LOUIS,M
LOURENCO,M
LOURIVAL,M
LUAN,M
LUBOMIR,M
LUBOMIRA,M
LUCA,M
LUCAS,M
LUCCA,M
LUCIANO,M
LUCRECIO,M
LUCIOLO,M
LUDGERO,M
LUDOLFO,M
LUDOVICO,M
LUIGI,M
LUIZ,M
LUPICINIO,M
LUPERCIO,M
LUTERO,M
LUTHER,M
LUI,M
LUIS,M
LACIO,M
LAZARO,M
LELIO,M
LEPIDO,M
LENIS,M
LICIO,M
LISIAS,M
LISIS,M
LIVIO,M
LORIS,M
LOTUS,M
LUCIO,M
MAARTEN,M
MAB,M
MABEL,M
MAC,M
MACAON,M
MACEDON,M
MACEDONIO,M
MACEIO,M
MACENAS,M
MACHIAVEL,M
MACIEL,M
MACRINO,M
MACUNAIMA,M
MACARIO,M
MADGE,M
MAEDRA,M
MAGALHAES,M
MAGDALA,M
MAGGY,M
MAGINO,M
MAGNO,M
MAGNUS,M
MAGE,M
MAHAFARA,M
MAHARA,M
MAHASIAH,M
MAIA,M
MAICON,M
MAIKEKAI,M
MAIR,M
MAIRARE,M
MAIRON,M
MAJUI,M
MALAQUIAS,M
MALCOLM,M
MALQUE,M
MALQUIEL,M
MALU,M
MALUF,M
MALVINO,M
MAMEDE,M
MAMOM,M
MANAOIO,M
MANASSES,M
MANES,M
MANFREDO,M
MANOEL,M
MANOLO,M
MANON,M
MANRICO,M
MANSUR,M
MANTOVANI,M
MANU,M
MANUALDO,M
MANUEL,M
MANUKU,M
MAOME,M
MAQUIAVEL,M
MARANHAO,M
MARANI,M
MARATHON,M
MARC,M
MARCELINE,M
MARCELINO,M
MARCELO,M
MARCHAND,M
MARCHIORI,M
MARCIAL,M
MARCIONILO,M
MARCO,M
MARCOLINO,M
MARCONDES,M
MARCOS,M
MARCUS,M
MARCILIO,M
MARIGOLD,M
MARINHO,M
MARINO,M
MARINS,M
MARIO,M
MARION,M
MARIVALDO,M
MARLON,M
MARLY,M
MARNI,M
MARON,M
MARSHAL,M
MARSILIO,M
MARTE,M
MARTIM,M
MARTINIANO,M
MARTINO,M
MARTINS,M
MARVIN,M
MARCAL,M
MATATIAS,M
MATER,M
MATEUS,M
MATHEUS,M
MATHIAS,M
MATIAS,M
MATTEO,M
MATURINO,M
MATUSALEM,M
MATUZALEM,M
MAUARI,M
MAULIOLA,M
MAURICE,M
MAURICI,M
MAURIZIO,M
MAURO,M
MAURICIO,M
MAURILIO,M
MAUA,M
MAX,M
MAXIMILIANO,M
MAXIMINIANA,M
MAXINE,M
MAXWEL,M
MAYA,M
MAYIM,M
MAZAGOUA,M
MAZAGAO,M
MAZZAROTI,M
MEAKIAI,M
MEBAHEL,M
MECENAS,M
MEDARDO,M
MEEHIEL,M
MEGARON,M
MEIR,M
MELAHEL,M
MELANEU,M
MELCHIOR,M
MELITEU,M
MELITO,M
MELO,M
MELQUIAS,M
MELQUIOR,M
MELQUISEDEQUE,M
MELQUIADES,M
MELVINO,M
MENAHEM,M
MENANDRO,M
MENDEL,M
MENDELSON,M
MENDES,M
MENECEU,M
MENELAU,M
MENELEU,M
MENESCAL,M
MENIPO,M
MENON,M
MENOTTI,M
MENTOR,M
MERLE,M
MESSIAS,M
MICAEL,M
MICAJAH,M
MICHAEL,M
MICHEL,M
MICHELANGELO,M
MIDAS,M
MIGUEL,M
MIKHAIL,M
MILAN,M
MILANO,M
MILCIADES,M
MILITINO,M
MILITAO,M
MILTON,M
MINERVA,M
MIQUEIAS,M
MIRNO,M
MIRTHES,M
MIRTIS,M
MIRTOS,M
MISAEL,M
MITSRAEL,M
MITZI,M
MITZRAEL,M
MIYAKO,M
MIZAEL,M
MOACIR,M
MOAMEDE,M
MOARA,M
MODESTINO,M
MODESTO,M
MOHAMMAD,M
MOHAMMED,M
MOI,M
MOISES,M
MOKE,M
MOLLIE,M
MOLLY,M
MONOKE,M
MONTGOMERY,M
MOR,M
MORAES,M
MORAIS,M
MORALES,M
MOREIRA,M
MOREL,M
MORFEU,M
MORGAN,M
MORITZ,M
MORPHEU,M
MORRICE,M
MORRIS,M
MOSES,M
MOTA,M
MOTTA,M
MOURAO,M
MOZAR,M
MOZART,M
MUCIANO,M
MUNHOZ,M
MUNIR,M
MUNIZ,M
MURIEL,M
MURILLO,M
MURILO,M
MUSTAFA,M
MADER,M
MAICOL,M
MARCIO,M
MANCIO,M
MERLIN,M
MEROPE,M
METIS,M
MENCIO,M
MENFIS,M
MENPHIS,M
MUCIO,M
NAAHMAN,M
NAAM,M
NAAMA,M
NAARA,M
NABAL,M
NABI,M
NABIH,M
NABOR,M
NABUCODONOSOR,M
NADABE,M
NADAL,M
NAGIBE,M
NAHAN,M
NAHIM,M
NAHUM,M
NAIM,M
NAINDI,M
NALDO,M
NANAEL,M
NAOR,M
NAPOLEAO,M
NARCEU,M
NARCISO,M
NARCISIO,M
NARDINI,M
NARDO,M
NASCIMENTO,M
NATAL,M
NATALINO,M
NATALICIO,M
NATAN,M
NATANAEL,M
NATANIEL,M
NATHAN,M
NATIVIDADE,M
NATA,M
NAUM,M
NAVITO,M
NAZAREH,M
NAZARENO,M
NAZARIEL,M
NAZARE,M
NEAL,M
NEANDRO,M
NEEMIAS,M
NEFTALI,M
NEI,M
NEIL,M
NEILSON,M
NEIMAR,M
NELEU,M
NELI,M
NELSON,M
NEMESTRINO,M
NEMIAS,M
NEMO,M
NEOMEDES,M
NEON,M
NEREIDE,M
NEREU,M
NERO,M
NERY,M
NESTOR,M
NEVILLE,M
NEWTON,M
NEY,M
NEYMAR,M
NEOFITO,M
NICANDRO,M
NICANOR,M
NICHOLAS,M
NICHOLE,M
NICK,M
NICO,M
NICODEMUS,M
NICOL,M
NICOLA,M
NICOLAU,M
NICOLETTE,M
NICOLINO,M
NICOMEDES,M
NICACIO,M
NICEFORO,M
NIELS,M
NIGEL,M
NIKOLAI,M
NIKOLAS,M
NIL,M
NILDO,M
NILO,M
NILSON,M
NILTON,M
NIMBUS,M
NINIVE,M
NINO,M
NIVALDO,M
NOAH,M
NOEL,M
NOELA,M
NOHOUKA,M
NOLAN,M
NOLANA,M
NOLEPELEKO,M
NORBERTO,M
NOREEN,M
NORRIS,M
NORTON,M
NOWAK,M
NOE,M
NOEMIO,M
NUNO,M
NUPEBA,M
NYDIA,M
NADER,M
NASSER,M
NELIO,M
NEVIO,M
NICOLAS,M
NIDIA,M
NILSEN,M
NUNCIO,M
OBAJARA,M
OBDIAS,M
OBEDE,M
OBERICO,M
OBERON,M
OBERTO,M
OBEIMA,M
OBIRU,M
OBITA,M
OBADIA,M
ODAIR,M
ODALEIA,M
ODARA,M
ODEMAR,M
ODEMIRO,M
ODENATO,M
ODERICO,M
ODILARDO,M
ODILON,M
ODIN,M
ODIR,M
ODISSEU,M
ODO,M
ODON,M
ODORICO,M
ODULFO,M
ODUVALDO,M
ODUINO,M
ODELIO,M
ODERICO,M
ODILIO,M
OFIR,M
OGDEN,M
OHOLUPALUPA,M
OIVARIO,M
OJIBE,M
OKA,M
OKO,M
OKSANA,M
OLAVO,M
OLIVEIRA,M
OLIMPIO,M
OLIVIO,M
OMAR,M
OMA,M
OMERO,M
ONDINA,M
ONDREJ,M
ONESIFORO,M
ONIAS,M
ONOFRE,M
ONA,M
ONELIO,M
ONESIMO,M
ONESIO,M
OPIRA,M
OQUENA,M
OQUIRA,M
ORDALIA,M
OREBE,M
OREN,M
ORESTES,M
ORFEU,M
ORIBA,M
ORIGENES,M
ORIS,M
ORLANDO,M
ORMENO,M
ORMEO,M
ORPHEU,M
ORSON,M
ORTIGAO,M
ORITIA,M
OSBORN,M
OSCAR,M
OSIAS,M
OSMAN,M
OSMAR,M
OSNI,M
OSVALDO,M
OSVINO,M
OSWALD,M
OSEIAS,M
OSIRIO,M
OSIRIS,M
OSORIO,M
OTACILIO,M
OTELO,M
OTO,M
OTON,M
OTONIEL,M
OTTO,M
OTAVIO,M
OTILIO,M
OVID,M
OVIDIO,M
OWEN,M
OZANAN,M
OZIAS,M
OZIEL,M
OZZY,M
PABLO,M
PACAEMBU,M
PACE,M
PACHECO,M
PACO,M
PACIFICO,M
PADILHA,M
PADOVANI,M
PAGANINI,M
PAGE,M
PAIM,M
PAIVA,M
PAKILE,M
PALADINO,M
PALAKA,M
PALAKIKO,M
PALAMEDES,M
PALAS,M
PALATINO,M
PALEMON,M
PALI,M
PALMIRO,M
PALONA,M
PALADIO,M
PANCHO,M
PANCRACIO,M
PANDAREU,M
PANDOLFO,M
PANDORO,M
PANTALEAO,M
PANTOJA,M
PAOLO,M
PAQUERER,M
PAQUETA,M
PARACAMBI,M
PARAGUACU,M
PARANAGUA,M
PARANHOS,M
PARAOPEBA,M
PARATI,M
PARATY,M
PARIGOT,M
PARMENIO,M
PARSIFAL,M
PARTENOPE,M
PARISIO,M
PASCAL,M
PASCOAL,M
PASCACIO,M
PASINI,M
PATRICK,M
PATROCLES,M
PATRICIO,M
PATSY,M
PAUL,M
PAULINO,M
PAULO,M
PAVEL,M
PAVLO,M
PAVLOV,M
PEDRINHO,M
PEDRITO,M
PEDRO,M
PEDROSO,M
PEIXOTO,M
PEKE,M
PELASCO,M
PELEGRINO,M
PELAGIO,M
PELOPIDAS,M
PENAFORT,M
PENALVO,M
PENHA,M
PENROD,M
PERATO,M
PERCI,M
PERCIVAL,M
PERCY,M
PEREGRINO,M
PERES,M
PERESIA,M
PEREZ,M
PERI,M
PERICLESIA,M
PERILO,M
PERITO,M
PERMINIO,M
PERO,M
PERPETUO,M
PERSEU,M
PERSEVERANDA,M
PERACIO,M
PERON,M
PETER,M
PETRARCA,M
PETRONILO,M
PETRONILHO,M
PETROSKI,M
PETRONIO,M
PHELAN,M
PHOEBE,M
PIANCO,M
PIASO,M
PIATA,M
PIEDADE,M
PIERCARLO,M
PIERCE,M
PIERLUIGI,M
PIERRE,M
PIETER,M
PIETRO,M
PILATOS,M
PINDARA,M
PIO,M
PIOVESAN,M
PIRAJU,M
PIRAJA,M
PIRENE,M
PIRES,M
PISANDRO,M
PITANGUI,M
PITAGORAS,M
PLACIDIO,M
PLATAO,M
PLAUTO,M
PLUTARCO,M
PLUTAO,M
PLACIDO,M
PLINIO,M
POLICARPO,M
POLICLETO,M
POLIDORO,M
POLIFEMO,M
POLIFENO,M
POLIBIO,M
POLONIO,M
POMPEU,M
POMPILIO,M
PORFIRIO,M
PORA,M
POSSEIDON,M
POTENGI,M
POTENGY,M
POTI,M
PRAXEDES,M
PRESLEY,M
PADUA,M
PALMER,M
PARIS,M
PANFILO,M
PERGAMO,M
PERICLES,M
PERSIDE,M
PENIA,M
PITANE,M
PITIA,M
PONCIO,M
QUEIROS,M
QUELIDONIO,M
QUENTAL,M
QUENTEL,M
QUENTIN,M
QUEVEDO,M
QUEZIA,M
QUINCAS,M
QUINN,M
QUINTANA,M
QUINTANILHA,M
QUINTILIANO,M
QUINTILO,M
QUINTINO,M
QUINTUS,M
QUIRINO,M
QUIROMEU,M
QUIXOTE,M
QUODVULTDEUS,M
QUON,M
QUOTAR,M
QUERCIA,M
RABAN,M
RABELO,M
RACHID,M
RADAGASIO,M
RADAMANTO,M
RADAMES,M
RADOMIL,M
RADULFO,M
RAE,M
RAED,M
RAFAEL,M
RAFI,M
RAFIQ,M
RAGHU,M
RAGUEL,M
RAIANE,M
RAIDEN,M
RAIMONDO,M
RAIMUNDO,M
RAIN,M
RAJ,M
RAJA,M
RALPH,M
RAMIRO,M
RAMON,M
RAMOS,M
RAMSEY,M
RAMSES,M
RAMAO,M
RANALD,M
RANDALL,M
RANDOLFO,M
RANDY,M
RANIERI,M
RANILDO,M
RANULFO,M
RAONI,M
RAOUL,M
RAPHAEL,M
RASMUSSEN,M
RAUL,M
RAULINO,M
RAVEN,M
RAVI,M
RAYMOND,M
RAYNARD,M
REAGAN,M
REALENGO,M
REBELO,M
REED,M
REGINALDO,M
REID,M
REINALDO,M
REINOLDO,M
RELINDE,M
REMBRANDT,M
REMI,M
REMIEL,M
REMO,M
REMY,M
REMEDIOS,M
REMIGIO,M
REN,M
RENAN,M
RENATO,M
RENNER,M
RENE,M
RETAMA,M
REUBEN,M
REX,M
REYNOLD,M
REZON,M
RHETT,M
RHODES,M
RHONDA,M
RIAN,M
RIBAMAR,M
RIBAS,M
RIBERTO,M
RICARDINO,M
RICARDO,M
RICHARD,M
RICK,M
RICO,M
RIDER,M
RIGOBERTO,M
RIGOLETO,M
RIGOTTO,M
RIKI,M
RILDO,M
RILEY,M
RINALDO,M
RISHON,M
RIVA,M
ROALD,M
ROALDO,M
ROB,M
ROBERT,M
ROBERTO,M
ROBERVAL,M
ROBIN,M
ROBINE,M
ROBOAO,M
ROBSON,M
ROCKNE,M
RODE,M
RODEL,M
RODERICK,M
RODGER,M
RODNEI,M
RODNEY,M
RODOLFO,M
RODOVALDO,M
RODRIGO,M
RODUSINO,M
RODERICO,M
ROEDEL,M
ROGACIANO,M
ROGATO,M
ROGER,M
ROGERIO,M
ROLANDO,M
ROLDAO,M
ROLF,M
ROMAN,M
ROMANO,M
ROMEIRO,M
ROMEO,M
ROMERO,M
ROMEU,M
ROMILDO,M
ROMUALDO,M
ROMARIO,M
ROMAO,M
RON,M
RONALD,M
RONALDO,M
RONAN,M
RONEI,M
RONEY,M
RONILDO,M
RONNY,M
ROQUE,M
ROQUETE,M
RORIZ,M
ROSALVO,M
ROSAMUNDO,M
ROSENDO,M
ROSS,M
ROSSI,M
ROSSINI,M
ROSVALDO,M
ROSARIO,M
ROTH,M
ROTHES,M
ROVENA,M
ROWAN,M
ROXANE,M
ROY,M
ROZAMONDO,M
RUAN,M
RUBEM,M
RUBEN,M
RUBENS,M
RUDOLFO,M
RUDA,M
RUFINO,M
RUFO,M
RUFUS,M
RUI,M
RUPERTO,M
RURIK,M
RUSSELL,M
RUTGER,M
RUTILIO,M
RYAN,M
RYOTARO,M
RA,M
REGIS,M
REGULO,M
REMULO,M
ROBBY,M
ROBINSON,M
ROMULO,M
SAADI,M
SAAVEDRA,M
SABARA,M
SABATINO,M
SABIANO,M
SABINIANO,M
SABINO,M
SABAZIO,M
SACHAFER,M
SADALA,M
SADI,M
SADOQUE,M
SAID,M
SAIAO,M
SALADINO,M
SALATIEL,M
SALES,M
SALGADO,M
SALIBA,M
SALIM,M
SALMONEU,M
SALOMAO,M
SALOME,M
SALOMON,M
SALUSTIANO,M
SALVADOR,M
SALVALUS,M
SALVATORE,M
SALVIANO,M
SALUSTIO,M
SAM,M
SAMIR,M
SAMPAIO,M
SAMPSON,M
SAMSON,M
SAMUEL,M
SANDOVAL,M
SANDRO,M
SANSONE,M
SANSAO,M
SANTIAGO,M
SANTORO,M
SANTOS,M
SAROSH,M
SARTORI,M
SATORU,M
SATURNINO,M
SATURNO,M
SAUL,M
SAULO,M
SAVEDRO,M
SAVINO,M
SAVERIO,M
SCALCO,M
SCHERER,M
SCHIMIDT,M
SCHNEIDER,M
SCHUBERT,M
SCHUMACHER,M
SCOTT,M
SEAMUS,M
SEAN,M
SEBASTIAN,M
SEBASTIAO,M
SEDECIAS,M
SEGISMONDO,M
SEGISMUNDO,M
SEIJI,M
SEIXAS,M
SELENO,M
SELMIRO,M
SEPETIBA,M
SERAFIM,M
SERAFINO,M
SERGE,M
SERGUEI,M
SERRAO,M
SERTORIO,M
SET,M
SETH,M
SEVERIANO,M
SEVERINO,M
SEVERO,M
SEZEFREDO,M
SHAI,M
SHAKTI,M
SHANDAR,M
SHERIDAN,M
SHERLOCK,M
SHETH,M
SHIN,M
SHINICHI,M
SHUICHI,M
SIDNEY,M
SIDONIO,M
SIGEBERTO,M
SIGEFREDO,M
SIGELINDE,M
SIGISMUNDO,M
SIGMAR,M
SILAS,M
SILENO,M
SILVA,M
SILVANO,M
SILVESTER,M
SILVESTRE,M
SILVINO,M
SILVERIO,M
SIMAS,M
SIMEON,M
SIMEAO,M
SIMON,M
SIMONETTE,M
SIMONIE,M
SIMPLICIANO,M
SIMPLICIO,M
SIMAO,M
SIMOES,M
SINCLAIR,M
SINEAD,M
SINFRONIO,M
SINGER,M
SINVAL,M
SINESIO,M
SKIPP,M
SLOAN,M
SOFONIAS,M
SOFRONIO,M
SOLANO,M
SOLEON,M
SOLIMAO,M
SOLOMON,M
SOLOMAO,M
SOLVEIG,M
SOTERO,M
SPENCER,M
STANISLAU,M
STANLEY,M
STEWART,M
SULEIMAN,M
SUSUMO,M
SVEN,M
SYLVIE,M
SABER,M
SALVIO,M
SATIRO,M
SERGIO,M
SERVIO,M
SERVULO,M
SETIMO,M
SEMACO,M
SENECA,M
SIDNEI,M
SILVIO,M
SIMACO,M
SINOE,M
SINTIQUE,M
SOCRATES,M
SOFOCLES,M
SOLON,M
SOSTENES,M
TABAJARA,M
TABOR,M
TACIANO,M
TACIGUARA,M
TADEU,M
TAGAR,M
TAIGUARA,M
TAKAFUMI,M
TAKASHI,M
TAKESHI,M
TALARICO,M
TALBOT,M
TALES,M
TAMANDARE,M
TAMAR,M
TAMUZ,M
TANCREDO,M
TANJA,M
TANSY,M
TAPIRA,M
TAPIRACA,M
TAQUARACE,M
TARAS,M
TARCAO,M
TARCISIO,M
TARQUECIO,M
TARSILIO,M
TASSO,M
TATIUS,M
TATSUO,M
TAUFIK,M
TAYLOR,M
TAU,M
TEBAS,M
TECLA,M
TECOARA,M
TECOBIARA,M
TED,M
TEDDY,M
TELEMACO,M
TEMAO,M
TENORIO,M
TEOBALDO,M
TEODOMIRO,M
TEODORICO,M
TEODORO,M
TEODOSIO,M
TEOTONIO,M
TERCERO,M
TERENCE,M
TERSANDRO,M
TERSIO,M
TERTULIANO,M
TERENCIO,M
TERENSIS,M
TESEU,M
TECABERABA,M
TECA,M
TEOCRITO,M
TEOFILO,M
TEOGENES,M
THEODORE,M
THEODORO,M
THIAGO,M
THIERRY,M
THOMAS,M
THOR,M
TIAGO,M
TIBIRICA,M
TIBERIO,M
TIBURCIO,M
TICIANO,M
TILDE,M
TIM,M
TIMEU,M
TIMEUS,M
TIMOTEUS,M
TIMOTEO,M
TINO,M
TINOCO,M
TIRSO,M
TISSOT,M
TITO,M
TOANTE,M
TOBIAS,M
TOBY,M
TOLEDO,M
TOLMAI,M
TOM,M
TOMASO,M
TOMER,M
TOMMY,M
TOMAS,M
TOMASIO,M
TOME,M
TONHO,M
TONI,M
TONY,M
TORIBA,M
TORQUATO,M
TORRANCE,M
TOSIN,M
TOVAR,M
TRAJANO,M
TREVOR,M
TRINIDAD,M
TRISTAO,M
TUFI,M
TUPA,M
TURIN,M
TACIO,M
TACITO,M
TANUZ,M
TEO,M
TERCIO,M
TEMIS,M
TULIO,M
UAHOOMANAOKAHAKU,M
UALRI,M
UBAJARA,M
UBALDO,M
UBANDARA,M
UBATA,M
UBAUNA,M
UBERABA,M
UBIRAJARA,M
UBIRANI,M
UBIRATA,M
UBA,M
UCHOA,M
UDALRICO,M
UFENTE,M
UGO,M
UIRANDI,M
ULA,M
ULANDO,M
ULF,M
ULPIANO,M
ULRIC,M
ULVA,M
ULYSSES,M
ULISSES,M
UMAR,M
UMBELINO,M
UMBERTO,M
UME,M
UNDINE,M
UPIARA,M
UPIRA,M
UPTON,M
URBANO,M
URBANUS,M
URIAS,M
URSEL,M
URTIGAO,M
URURAI,M
URANIA,M
UZI,M
UOLACE,M
VADENBERG,M
VADIM,M
VAGNER,M
VALDEC,M
VALDEMAR,M
VALDEMIRO,M
VALDIR,M
VALDIVINO,M
VALDO,M
VALDOMIRO,M
VALDIVIO,M
VALENTIM,M
VALENTIN,M
VALENTINO,M
VALERIANA,M
VALERIANO,M
VALERIE,M
VALFREDO,M
VALMIR,M
VALTENO,M
VALTER,M
VALERIO,M
VALENCIO,M
VANDERLEI,M
VANDIQUE,M
VEHUIAH,M
VENCESLAU,M
VENERANDO,M
VENTURA,M
VENTURADA,M
VENANCIO,M
VERGUEIRO,M
VERIANO,M
VERO,M
VERISSIMO,M
VESPASIANO,M
VESTA,M
VIATA,M
VICENTE,M
VICENZO,M
VICKI,M
VICTOR,M
VICTORINE,M
VICTORIUS,M
VIGILIO,M
VILALOBOS,M
VILAR,M
VILARINHO,M
VILASBOAS,M
VINCE,M
VINCENT,M
VINICIO,M
VINICIOS,M
VINICIUS,M
VIOLANTE,M
VIOLET,M
VIRGIL,M
VIRGULINO,M
VIRGILIO,M
VITAL,M
VITALIANO,M
VITOLDO,M
VITTORE,M
VITORIO,M
VLADIMIR,M
VLADISLAU,M
VLADISLAV,M
VOLIMAR,M
VOLKER,M
VOLUPIA,M
VONDA,M
VOUGAN,M
VITOR,M
WACLAW,M
WADY,M
WAGNER,M
WALDIR,M
WALDO,M
WALDRICH,M
WALGER,M
WALLACE,M
WALLIS,M
WALTER,M
WALTON,M
WALTRODE,M
WANDERLEY,M
WANDERSON,M
WAPASHA,M
WARD,M
WARREN,M
WASHINGTON,M
WELLERSON,M
WELLINGTON,M
WENDEL,M
WENDLER,M
WERNER,M
WESLEY,M
WESTON,M
WIKOLI,M
WILFRED,M
WILIAN,M
WILLIAM,M
WILLIAN,M
WILMAR,M
WILSON,M
WILTOM,M
WILTON,M
WINDSOR,M
WINIKE,M
WINIKENEKE,M
WINSTON,M
WOLF,M
WOLFGANG,M
WOLFRAN,M
WUNIBALD,M
XADAI,M
XAFIC,M
XAFIK,M
XAMA,M
XANDE,M
XANDY,M
XANTHE,M
XANTHUS,M
XANTIPA,M
XANTIPO,M
XANTO,M
XARIF,M
XAVIER,M
XENOFONTE,M
XENOFONTES,M
XENOS,M
XENOCRATES,M
XEREU,M
XERXES,M
XILON,M
XIMEN,M
XIMENES,M
XINAVANE,M
XISTO,M
XOLONI,M
YACAMIN,M
YACHI,M
YACHNE,M
YAGO,M
YAHTO,M
YAHYA,M
YAIR,M
YAKECAN,M
YALE,M
YAN,M
YANCY,M
YANI,M
YANK,M
YARDLEY,M
YASUHIKO,M
YATES,M
YEHUDI,M
YENTE,M
YENTIL,M
YERAY,M
YERIK,M
YERVANT,M
YGOR,M
YIN,M
YOSHIAKI,M
YOUSEEF,M
YULE,M
YURE,M
YURI,M
YURIO,M
YVES,M
YVETTE,M
YVON,M
ZABULAO,M
ZACARIAS,M
ZACCHEUS,M
ZACHARY,M
ZACI,M
ZADEAO,M
ZADOQUE,M
ZAFRIEL,M
ZAHI,M
ZAHRAH,M
ZAIRE,M
ZAKI,M
ZALMAN,M
ZALTANA,M
ZANCHETA,M
ZANCHI,M
ZANDONA,M
ZANE,M
ZANETTI,M
ZANIEL,M
ZANINI,M
ZAQUEU,M
ZARCO,M
ZARED,M
ZAREH,M
ZAREK,M
ZARIEL,M
ZARAO,M
ZATTERA,M
ZAZU,M
ZEBADIAH,M
ZEBILON,M
ZECA,M
ZED,M
ZEDEKIAH,M
ZEFERINO,M
ZEKI,M
ZELOTES,M
ZENAS,M
ZENIR,M
ZENITE,M
ZENO,M
ZENON,M
ZENOBIO,M
ZEPHAN,M
ZERBINI,M
ZETO,M
ZEUS,M
ZEV,M
ZILMA,M
ZOLA,M
ZOROASTRO,M
ZURIEL,M
ZELIO,M
ZOZIMO,M
ACIO,M
ACMON,M
AGRON,M
ALCIS,M
ALVARO,M
APIO,M
AQUILAS,M
ARCADE,M
ARIO,M
ATALO,M
ATILA,M
ATIS,M
AUREO,M
AVILA,M
ANGELO,M
EBALO,M
EBANO,M
EDER,M
EDERSON,M
EDIPO,M
EFESO,M
EGIDO,M
EGON,M
ELSON,M
ELVIO,M
ESIO,M
ESON,M
ETEL,M
ETON,M
EZIO,M
IAMO,M
ICARO,M
ITACO,M
ITALO,M
OBULO,M
UNXIA,M
AAGJE,F
AALIYAH,F
AAMINAH,F
ABANA,F
ABATI,F
ABAYOMI,F
ABDERA,F
ABE,F
ABELLA,F
ABEONA,F
ABIGAIL,F
ABNARA,F
ABRA,F
ABA,F
ACA,F
ACALANTIS,F
ACEMIRA,F
ACEI,F
ACHILA,F
ACIDALIA,F
ACILDA,F
ACILINA,F
ACINDINA,F
ACIRA,F
ACIREMA,F
ACLIMA,F
ACTEIA,F
ACACIA,F
ACILIA,F
ADA,F
ADAIL,F
ADALBERIA,F
ADALFREDA,F
ADALFRIDA,F
ADALGISA,F
ADALINA,F
ADALVINA,F
ADALZIRA,F
ADAMANTINA,F
ADAMEIRE,F
ADAMINA,F
ADDAE,F
ADDOLORATA,F
ADELA,F
ADELAIDE,F
ADELE,F
ADELFA,F
ADELINA,F
ADELINE,F
ADELITA,F
ADELMARINA,F
ADEONA,F
ADILAH,F
ADINA,F
ADIRA,F
ADISA,F
ADOLFINA,F
ADONAIDE,F
ADORA,F
ADORABELA,F
ADORIABELLE,F
ADORINDA,F
ADOSINDA,F
ADOZINA,F
ADRASTEA,F
ADRASTEIA,F
ADRIANA,F
ADRIANE,F
ADRIELE,F
ADRIENNE,F
ADALIA,F
ADELIA,F
ADILIA,F
ADONICA,F
AEDONA,F
AEGLA,F
AERON,F
AEROPA,F
AFIFE,F
AFONSINA,F
AFRA,F
AFRODITE,F
AGAR,F
AGATHE,F
AGAVE,F
AGENORA,F
AGHATA,F
AGLAE,F
AGLAIA,F
AGNATA,F
AGNES,F
AGNESE,F
AGNODICE,F
AGOSTINA,F
AGRIPA,F
AGUILARA,F
AHSLEY,F
AIDE,F
AILEEN,F
AILIKA,F
AILINA,F
AIMA,F
AIMARA,F
AIMEE,F
AIME,F
AINEKI,F
AIRETAMA,F
AISHA,F
AISO,F
AIXA,F
AIYRA,F
AICA,F
AJIRA,F
AJYRA,F
AKELE,F
AKEMI,F
AKENEKI,F
ALAINA,F
ALANA,F
ALANIS,F
ALARICE,F
ALAWARA,F
ALAIDE,F
ALBA,F
ALBERTA,F
ALBERTINA,F
ALBINA,F
ALCACOVA,F
ALCINA,F
ALCINDA,F
ALCIONE,F
ALCIPE,F
ALCMENA,F
ALCANTARA,F
ALCIDIA,F
ALDA,F
ALDARA,F
ALDAIRA,F
ALDEN,F
ALDERITA,F
ALDERIVA,F
ALDEVINA,F
ALDEVIRA,F
ALDINA,F
ALDORA,F
ALEGRIA,F
ALEIT,F
ALEJANDRA,F
ALEKA,F
ALEKENA,F
ALEKONA,F
ALELUIA,F
ALENA,F
ALENE,F
ALENICA,F
ALEPEKA,F
ALESHA,F
ALESSA,F
ALESSANDRA,F
ALESSIA,F
ALETE,F
ALETHEA,F
ALETHIA,F
ALEXA,F
ALEXANDRA,F
ALEXANDRINA,F
ALEXIA,F
ALIAA,F
ALICE,F
ALIDA,F
ALIKA,F
ALIKIA,F
ALILAT,F
ALINA,F
ALINE,F
ALISON,F
ALITA,F
ALLEGRA,F
ALLENDE,F
ALMA,F
ALMADA,F
ALMARA,F
ALMEIDNA,F
ALMERINDA,F
ALMIRA,F
ALMERIA,F
ALOA,F
ALTEVIRA,F
ALTHAIA,F
ALTHEA,F
ALTIVA,F
ALTEIA,F
ALVARENGA,F
ALVINA,F
ALVISE,F
ALZIRA,F
ALECIA,F
ALEIA,F
ALICIA,F
ALIPIA,F
ALIRIA,F
AMABEL,F
AMABILIA,F
AMADA,F
AMALBERGA,F
AMALINA,F
AMALTRUDES,F
AMANA,F
AMANACY,F
AMANARA,F
AMANAYARA,F
AMANDA,F
AMANDINA,F
AMANDY,F
AMAPOLA,F
AMARA,F
AMARY,F
AMBROGINA,F
AMBROSE,F
AMBROSINA,F
AMBROSIA,F
AMENA,F
AMERY,F
AMERINDIA,F
AMETISTA,F
AMINA,F
AMINDA,F
AMIRA,F
AMY,F
AMABILE,F
AMALIA,F
AMALIE,F
AMELIA,F
AMERICA,F
AMICIA,F
AMOSIA,F
ANA,F
ANABEL,F
ANABELA,F
ANADIR,F
ANADIONEMA,F
ANAIDE,F
ANAIS,F
ANAJA,F
ANALISA,F
ANAMI,F
ANANDA,F
ANASTASIA,F
ANASTACIA,F
ANAXARETE,F
ANDINA,F
ANDIRA,F
ANDREA,F
ANDREINA,F
ANDRELINA,F
ANDRESA,F
ANDRESSA,F
ANDRIJA,F
ANDROCLEIA,F
ANDRAMACA,F
ANDREA,F
ANDREIA,F
ANDROMEDA,F
ANECI,F
ANEMONE,F
ANES,F
ANETE,F
ANFITRITE,F
ANGEL,F
ANGELINA,F
ANGELITA,F
ANGENORA,F
ANGERONA,F
ANGELICA,F
ANGICIA,F
ANHAIA,F
ANIA,F
ANICE,F
ANIS,F
ANISE,F
ANITA,F
ANJA,F
ANJUTA,F
ANK,F
ANKE,F
ANNA,F
ANNE,F
ANNEMARIE,F
ANNETA,F
ANNI,F
ANNIE,F
ANNINKA,F
ANOUK,F
ANSELMA,F
ANSELME,F
ANSELMINA,F
ANTELMA,F
ANTHEA,F
ANTIANIRA,F
ANTICLEIA,F
ANTJE,F
ANTOINETE,F
ANTOINETTE,F
ANTONIETA,F
ANTONIETE,F
ANTONINA,F
ANTONITA,F
ANTIGONA,F
ANTONIA,F
ANUNCIADA,F
ANUNCIATA,F
ANUNCIACAO,F
ANALIA,F
ANARCASE,F
ANESIA,F
ANEMOLA,F
ANICIA,F
ANISIA,F
ANUNCIA,F
APARECIDA,F
APARICIA,F
APHRODITE,F
APIKALIA,F
APOLINA,F
APOLINARIA,F
APOLONIA,F
APOEDIA,F
AQUILINA,F
AQUIRA,F
ARABELA,F
ARABI,F
ARACELIS,F
ARACEMA,F
ARACI,F
ARACIARA,F
ARACNE,F
ARACUNDA,F
ARACY,F
ARANHA,F
ARANI,F
ARETUSA,F
ARGEMIRA,F
ARGENTINA,F
ARGIRA,F
ARIADNE,F
ARIANA,F
ARIANE,F
ARIANNA,F
ARICEMA,F
ARICINA,F
ARICLEIA,F
ARIELE,F
ARIENNE,F
ARIETA,F
ARINHA,F
ARISTOTELINA,F
ARISTEIA,F
ARITANA,F
ARLENE,F
ARLETE,F
ARLINA,F
ARLINDA,F
ARLINE,F
ARMIA,F
ARMIDA,F
ARMINDA,F
ARRIAGA,F
ARRIETA,F
ARRIFE,F
ARRIOLA,F
ARSIONE,F
ARTASCHASA,F
ARTEMISIA,F
ARTEMIDE,F
ARTEMIA,F
ARUANA,F
ARYANA,F
ARZA,F
ARA,F
ARICIA,F
ASHER,F
ASPASIA,F
ASSUNTA,F
ASTRA,F
ASTERIA,F
ATALANTA,F
ATALIA,F
ATALEIA,F
AUGUSTA,F
AURICELIA,F
AURELIA,F
AYLA,F
AZUCENA,F
ACUCENA,F
AELIA,F
AIDA,F
AONIA,F
BABETE,F
BAENA,F
BAEPEBA,F
BAETA,F
BALBINA,F
BALSAMINA,F
BAMBI,F
BAMBINA,F
BAMBUI,F
BANDEIRA,F
BANIWA,F
BANABIL,F
BARATA,F
BARAUNA,F
BARBELA,F
BARBIE,F
BARIRI,F
BARRY,F
BARTIRA,F
BASILIANA,F
BASILINA,F
BASILISSA,F
BASINA,F
BATILDE,F
BATISTINA,F
BEA,F
BEATE,F
BEATRICE,F
BEATRIZ,F
BEAU,F
BEAUMONT,F
BECA,F
BECKY,F
BEDELIA,F
BELAMINA,F
BELANO,F
BELCA,F
BELFORT,F
BELINDA,F
BELISA,F
BELITA,F
BELL,F
BELLA,F
BELLE,F
BELMIRA,F
BELA,F
BENDITA,F
BENEDITA,F
BENI,F
BENIGNA,F
BENILDA,F
BENJAMINE,F
BENOITE,F
BENTA,F
BENEVOLA,F
BENICIA,F
BERDINE,F
BERENICE,F
BERNADETE,F
BERNADETTE,F
BERNARDA,F
BERNARDINE,F
BERNICE,F
BERRY,F
BERSABE,F
BERTA,F
BERTHA,F
BERTHE,F
BERTINA,F
BERYL,F
BESSIE,F
BETE,F
BETEL,F
BETH,F
BETHANY,F
BETINA,F
BETSABE,F
BETSY,F
BETTINA,F
BETTY,F
BETANIA,F
BEVERLY,F
BEVILAQUA,F
BIANCA,F
BIBIANA,F
BIRGIT,F
BIRGITTA,F
BIZET,F
BLANCHE,F
BLANCK,F
BLANDA,F
BLANDINA,F
BLANDICIA,F
BLENDA,F
BOCAIUVA,F
BOLINA,F
BONIFACIA,F
BONINA,F
BONITA,F
BONNIE,F
BORJA,F
BOYRA,F
BRANCA,F
BRANDI,F
BRANKA,F
BRASILIANA,F
BRENDA,F
BRENNA,F
BRIDGET,F
BRIGITA,F
BRIGITE,F
BRITA,F
BRITES,F
BRITTA,F
BRITANIA,F
BRUMALIA,F
BRUNA,F
BRUNEIDA,F
BRUNHILDE,F
BRUNILDA,F
BRUNNAH,F
BRIGIDA,F
BUDANT,F
BURITI,F
BURLE,F
BARBARA,F
BAUCIDE,F
BEROE,F
CACILDA,F
CACERES,F
CADI,F
CADILE,F
CAETE,F
CAFENE,F
CAFIRA,F
CAILLET,F
CAIRU,F
CAITLIN,F
CAITRIA,F
CAJATY,F
CALEDONIA,F
CALIDORA,F
CALIMERIA,F
CALINA,F
CALISTA,F
CALIX,F
CALIDICE,F
CALIOPE,F
CAMAPUA,F
CAMBUCI,F
CAMBUQUIRA,F
CAMBY,F
CAMBYCARA,F
CAMENA,F
CAMERON,F
CAMILA,F
CAMILLE,F
CAMOCIM,F
CAMPBEL,F
CAMURY,F
CAMELIA,F
CANARA,F
CANDAL,F
CANDY,F
CANET,F
CANIRIM,F
CAPITOLINA,F
CAPOTIRA,F
CAPRINA,F
CARA,F
CARINA,F
CARLA,F
CARLY,F
CARMELA,F
CARMELIANA,F
CARMELINA,F
CARMELINDA,F
CARMELITA,F
CARMEM,F
CARMEN,F
CARMO,F
CARMELIA,F
CAROL,F
CAROLA,F
CAROLINA,F
CAROLINE,F
CARON,F
CARRIE,F
CASIRA,F
CASS,F
CASSANDRA,F
CASSARAH,F
CASSIANA,F
CASSIDY,F
CASSILDA,F
CASTELAR,F
CATARINA,F
CATERINA,F
CATHERINE,F
CATIRA,F
CATRINA,F
CATURAMA,F
CAYARI,F
CAASSICA,F
CACAPAVA,F
CECI,F
CECILIA,F
CELANDINE,F
CELESTE,F
CELIMENA,F
CELINA,F
CELINY,F
CEMBIRA,F
CENDI,F
CENDIRA,F
CENDYL,F
CERES,F
CERESSA,F
CESARINA,F
CHAD,F
CHANDRA,F
CHANDALI,F
CHARISSA,F
CHARLA,F
CHARLENE,F
CHARLOTE,F
CHARNA,F
CHASE,F
CHEDE,F
CHERRY,F
CHIARA,F
CHRISTIANNA,F
CHRYSANTA,F
CHUN,F
CHURI,F
CIBELE,F
CIDA,F
CILENE,F
CIMEINA,F
CINARA,F
CINDRA,F
CINIRA,F
CINZIA,F
CIPOUNA,F
CIPRIANA,F
CLAIRE,F
CLARA,F
CLARE,F
CLARENCE,F
CLARICE,F
CLARIMUNDA,F
CLARINA,F
CLARINDA,F
CLARISSA,F
CLARISSE,F
CLARITA,F
CLAUDETE,F
CLAUDIANA,F
CLAUDINA,F
CLAUDINE,F
CLAY,F
CLEANTO,F
CLEIDE,F
CLEMENTINE,F
CLEMENCIA,F
CLEONICE,F
CLEUSA,F
CLEOPATRA,F
CLIMENIA,F
CLORINDA,F
CLOTHILDE,F
CLOTILDE,F
CLOE,F
CLAUDIA,F
CLEIA,F
CLELIA,F
CLEO,F
CLICIE,F
CLINIA,F
CLINTIA,F
CLITIA,F
COARACI,F
COBE,F
COEMA,F
COLARES,F
COLOMBA,F
COLOMBINA,F
CONCEICAO,F
CONCEPCION,F
CONCORDIA,F
CONNIE,F
CONSTANCE,F
CONSTANTINA,F
CONSTANCIA,F
CONSUELO,F
CORA,F
CORALLINA,F
CORDULA,F
CORDELIA,F
CORIN,F
CORINA,F
CORNELIA,F
CORALIA,F
COTIGUARA,F
COURTNEY,F
CREMILDA,F
CRESCENZIA,F
CRESCENCIA,F
CRESPI,F
CRETA,F
CREUSA,F
CRISTAL,F
CRISTIANA,F
CRISTINA,F
CRISTALIA,F
CUNINA,F
CYNTHIA,F
CABIRA,F
CASSIA,F
CATIA,F
CANACE,F
CANDIA,F
CANDIDA,F
CECILE,F
CELIA,F
CELICA,F
CINTIA,F
COLCHIDA,F
DAFNE,F
DAGMARA,F
DAGNY,F
DAISY,F
DAKARAI,F
DAKOTA,F
DALE,F
DALILA,F
DALMIRA,F
DALVA,F
DALVINA,F
DALZIZA,F
DAMARINA,F
DAMIANA,F
DANA,F
DANDARA,F
DANIELA,F
DANIELLE,F
DANIKA,F
DANILA,F
DANITA,F
DANUTA,F
DAPHNE,F
DARIA,F
DARLENE,F
DARA,F
DASLANGE,F
DAVENA,F
DAVINA,F
DAYANE,F
DAYSE,F
DAIRA,F
DEBBIE,F
DEBORAH,F
DEBRA,F
DEISE,F
DEJANIR,F
DEJANIRA,F
DELAMAR,F
DELAMARE,F
DELAMARI,F
DELFINA,F
DELTA,F
DEMETER,F
DEMETRIA,F
DEMOSTENES,F
DENA,F
DENISE,F
DEOLINDA,F
DESDEMONA,F
DESIDERIA,F
DESIRE,F
DESTINY,F
DEUSDETINA,F
DEVA,F
DEIFILA,F
DIACIRA,F
DIACUI,F
DIADEMA,F
DIANA,F
DIANE,F
DICEA,F
DICEIA,F
DIGNA,F
DILMA,F
DILZA,F
DINA,F
DINAH,F
DINAIR,F
DINARTEA,F
DINORA,F
DINA,F
DIOLINDA,F
DIOMARA,F
DIONE,F
DIONIRA,F
DIORES,F
DIRCE,F
DIVA,F
DIVINALDA,F
DJALMIRA,F
DJAMILA,F
DJAMIRA,F
DOLORES,F
DOMINGA,F
DOMINIQUE,F
DOMENCIA,F
DONA,F
DONATA,F
DONATELLA,F
DONATIENNE,F
DONNA,F
DONATILA,F
DORA,F
DORALICE,F
DORCAS,F
DORES,F
DORETA,F
DOROTHEA,F
DOROTHY,F
DOROTEIA,F
DULCE,F
DULCELINA,F
DULCIE,F
DULCINEIA,F
DUNCAN,F
DUSTIN,F
DACIA,F
DALIA,F
DAVILA,F
DAMARIS,F
DEA,F
DEBORA,F
DEIA,F
DESIREE,F
DIDIMA,F
DORIDA,F
EBE,F
EBIRA,F
ECHO,F
ECIRA,F
ECALIA,F
EDA,F
EDAGMARA,F
EDANA,F
EDELINA,F
EDELINE,F
EDELMIRA,F
EDILEUSA,F
EDINA,F
EDISSA,F
EDITE,F
EDITH,F
EDMARA,F
EDNA,F
EDNALVA,F
EDNARE,F
EDNILDA,F
EDUARDA,F
EDWIGES,F
EDWINA,F
EDESIA,F
EDENICA,F
EFRATA,F
EGLANTINA,F
EGIDIA,F
EHWINA,F
EILEEN,F
EILEN,F
EIRAPUA,F
EIRATI,F
EIRUBA,F
EKIKA,F
ELAINE,F
ELBA,F
ELBIA,F
ELCANA,F
ELEA,F
ELECTA,F
ELECTRA,F
ELEN,F
ELENA,F
ELEONORA,F
ELGA,F
ELIA,F
ELIABE,F
ELIADE,F
ELIANA,F
ELIANE,F
ELIKA,F
ELIS,F
ELISA,F
ELISABETE,F
ELISABETH,F
ELISHA,F
ELISSA,F
ELISANGELA,F
ELIZA,F
ELIZABETE,F
ELIZABETH,F
ELKE,F
ELLEN,F
ELMA,F
ELMARA,F
ELMIRA,F
ELOINA,F
ELOISE,F
ELOA,F
ELOISA,F
ELSA,F
ELSE,F
ELSIE,F
ELVA,F
ELVIRA,F
ELZA,F
ELZIRA,F
ELODIA,F
EMA,F
EMACI,F
EMANUELA,F
EMELINE,F
EMERECIANA,F
EMERECIANO,F
EMERENCIANA,F
EMI,F
EMILIANA,F
EMILIE,F
EMILLY,F
EMILY,F
EMITIMA,F
EMMA,F
EMMANUELLE,F
EMELIA,F
EMERITA,F
EMILIA,F
ENA,F
ENDYRA,F
ENEDINA,F
ENEIDA,F
ENERY,F
ENGRACIA,F
ENI,F
ENID,F
ENIDE,F
ENOMA,F
ENTORIA,F
EORA,F
EPIFANIA,F
EPONA,F
ERCILIA,F
EREIMA,F
ERLA,F
ERMELINDA,F
ERMENGARDA,F
ERMESINDA,F
ERONDINA,F
EROTIDES,F
EROTILDES,F
ERVINA,F
ERE,F
ESMERALDA,F
ESMERIA,F
ESPERANZA,F
ESPERANCA,F
ESTEFANIA,F
ESTELA,F
ESTER,F
ESTHER,F
ESTACIA,F
ETAMA,F
ETNA,F
ETZEL,F
EUCARIS,F
EUCLEIA,F
EUCADIA,F
EUDINE,F
EUDORA,F
EUDOCIA,F
EUDOXIA,F
EUFENA,F
EUFRASIA,F
EUFEMIA,F
EUGENE,F
EUGENIA,F
EULICE,F
EULINA,F
EULALIA,F
EUNICE,F
EURIDES,F
EURIDICE,F
EURIALE,F
EUSTAQUIA,F
EUSEBIA,F
EUTALIA,F
EVA,F
EVANGELINA,F
EVANGELINE,F
EVELIN,F
EVELINA,F
EVELINE,F
EVELYN,F
EVITA,F
EVODIA,F
EWA,F
EZRA,F
ECA,F
ECABARA,F
ECAI,F
ECAIARA,F
ECAJIRA,F
ECARA,F
ECARAIA,F
ECAUNA,F
FABIANA,F
FABIANE,F
FABIENNE,F
FABRICE,F
FABRICIA,F
FABIOLA,F
FANI,F
FANNY,F
FARAH,F
FARIDA,F
FARRAH,F
FAUNA,F
FAY,F
FEBA,F
FEBE,F
FEDRA,F
FELICIEN,F
FELICIENNE,F
FELICITY,F
FELINA,F
FELISA,F
FERNANDA,F
FERONIA,F
FILIPA,F
FILOMELA,F
FILOMENA,F
FILOTEIA,F
FLAMINIA,F
FLAVIE,F
FLOIDE,F
FLORA,F
FLORBELA,F
FLORENCE,F
FLORENTINA,F
FLORI,F
FLORIANA,F
FLORINDA,F
FLORIPES,F
FLORISBELA,F
FLORALIA,F
FLORENCIA,F
FLORIPEDES,F
FLAVIA,F
FLORIDA,F
FRANCELINE,F
FRANCES,F
FRANCESCA,F
FRANCIELE,F
FRANCINE,F
FRANCIS,F
FRANCISCA,F
FRANZISKA,F
FRANCOISE,F
FREDA,F
FREDERICA,F
FREYA,F
FRIDA,F
FRIEDA,F
FREIA,F
FULGENCIA,F
FUYUKI,F
FABIA,F
FATIMA,F
FATMA,F
FATUA,F
FULVIA,F
GABALA,F
GABINA,F
GABRIELA,F
GABRIELE,F
GABRIELLE,F
GABY,F
GADELHA,F
GAIA,F
GAIL,F
GAILA,F
GAL,F
GALADRIEL,F
GALATEIA,F
GALDINA,F
GALDENCIA,F
GALE,F
GALEBA,F
GALEN,F
GALENA,F
GALERIA,F
GAMELIA,F
GARAMANTIA,F
GARDENIA,F
GARETH,F
GAVINA,F
GAYE,F
GAYLA,F
GEISILA,F
GEISLA,F
GELASIA,F
GEMMA,F
GENA,F
GENARA,F
GENCIANA,F
GENE,F
GENEBRA,F
GENEROSA,F
GENETILIDES,F
GENEVIEVE,F
GENEVRA,F
GENOVEVA,F
GENESIA,F
GEORGETE,F
GEORGINA,F
GEOVANA,F
GEOVANNA,F
GERALDA,F
GERMAINE,F
GERMANA,F
GERSAM,F
GERTHE,F
GERTRUDES,F
GERTRUIDA,F
GERUSA,F
GERUZA,F
GERANIA,F
GESLINDA,F
GETULIA,F
GEORGIA,F
GHISLAINE,F
GIA,F
GIANE,F
GIANI,F
GIANNINA,F
GIGI,F
GILCA,F
GILCIMAR,F
GILDA,F
GILMARA,F
GILVANEIDE,F
GINA,F
GIOCONDA,F
GIORDANA,F
GIOVANA,F
GIOVANNA,F
GIRANI,F
GISA,F
GISEL,F
GISELA,F
GISELDA,F
GISELE,F
GISELLE,F
GISLAIM,F
GISLAINE,F
GISLEINE,F
GITA,F
GIULIA,F
GIULIANA,F
GIUSEPPINA,F
GIORGIA,F
GLADIS,F
GLADYR,F
GLAUCE,F
GLAUCIA,F
GLAUCIPE,F
GLAURA,F
GLEIDE,F
GLEUSA,F
GLICE,F
GLICERIA,F
GLORIA,F
GODIVA,F
GODOFREDA,F
GOIANA,F
GORETI,F
GRACE,F
GRACIA,F
GRACIANA,F
GRACIELA,F
GRANADA,F
GRANIA,F
GRATA,F
GRAZIA,F
GRAZIELA,F
GRAZINA,F
GRACA,F
GRECA,F
GREICE,F
GRETA,F
GRETE,F
GRISELDA,F
GUACIRA,F
GUADALUPE,F
GUAPIRA,F
GUARACEMA,F
GUARACI,F
GUARACIABA,F
GUARACIARA,F
GUARATINGA,F
GUARAUNA,F
GUAIRA,F
GUIDA,F
GUILHERMINA,F
GUINETE,F
GUIOMAR,F
GWENDA,F
GWINETH,F
GALATA,F
GALIA,F
GANDARA,F
GEIA,F
GENESIS,F
H,F
HABEL,F
HADASSA,F
HAGITE,F
HAIDEE,F
HAIDEIA,F
HAIDE,F
HAIKELA,F
HALA,F
HALIAS,F
HALIKAKA,F
HALINA,F
HALOLA,F
HALONA,F
HAMADRIADE,F
HAMED,F
HANA,F
HANI,F
HANNAH,F
HANANI,F
HARPINA,F
HAVA,F
HAYDEE,F
HAZAEL,F
HEBE,F
HEDDA,F
HEDVIGES,F
HEGLA,F
HEIDI,F
HEIKE,F
HEIKI,F
HEKELE,F
HEKEWIKA,F
HELBIA,F
HELE,F
HELEN,F
HELENA,F
HELENE,F
HELIODORA,F
HELLEN,F
HELOISE,F
HELOISA,F
HELVINA,F
HELVECIA,F
HELANCIA,F
HENEDINA,F
HENRIQUETA,F
HERA,F
HERACLEIA,F
HERCILIA,F
HERMIONE,F
HERONDINA,F
HERSILIA,F
HERTA,F
HERADIA,F
HIDEAKI,F
HIDEKI,F
HILDA,F
HILDE,F
HILMA,F
HILARIA,F
HIPEREIDES,F
HIPOLITA,F
HIRANA,F
HOLDA,F
HOLLY,F
HONORATA,F
HORTENSIA,F
HORACIA,F
HOSANA,F
HULDA,F
HYPSEA,F
HALIMA,F
HECUBA,F
HELCIAS,F
HERICA,F
IABA,F
IACEE,F
IACI,F
IACINA,F
IADAH,F
IANA,F
IANDARA,F
IARA,F
IASMIN,F
IBARAMA,F
IBARANTA,F
IBARETAMA,F
IBERABA,F
IBIACEMA,F
IBIAMA,F
IBIARA,F
IBITIRA,F
IBIUNA,F
IBOTIRA,F
IBOTIRAMA,F
IBSEN,F
IDA,F
IDALINA,F
IDERE,F
IDESTA,F
IDALIA,F
IEDA,F
IEMANJA,F
IERE,F
IFIGENIA,F
IFIMEDIA,F
IGAPIRA,F
IGARA,F
IGNES,F
IGUANA,F
IHELANE,F
IKEPELA,F
ILANA,F
ILCA,F
ILEINA,F
ILKA,F
ILSA,F
ILIONE,F
ILITIA,F
IMACULADA,F
IMELDA,F
IMELDE,F
IMIRA,F
INAIE,F
INAE,F
INDIRA,F
INEMA,F
INGRID,F
INGRIDE,F
INOCENCIA,F
INACIA,F
INA,F
INES,F
INEZ,F
IOANA,F
IODAMIA,F
IOLANDA,F
IONE,F
IONA,F
IORI,F
IPANA,F
IPOEMA,F
IPUA,F
IPE,F
IRA,F
IRACEMA,F
IRACI,F
IRANI,F
IRATAMA,F
IRECE,F
IRENE,F
IRENIA,F
IRMA,F
ISA,F
ISABEL,F
ISABELA,F
ISABELE,F
ISADORA,F
ISAURA,F
ISIDORA,F
ISIDORE,F
ISIS,F
ISLENA,F
ISMERIA,F
ISMENIA,F
ISOLDA,F
ISOLINA,F
ISRA,F
ISSA,F
ITACIRA,F
ITANEMA,F
ITAPEMA,F
ITAPERUNA,F
ITAUNA,F
IVANA,F
IVANI,F
IVANICE,F
IVETE,F
IVONE,F
IVY,F
IZABEL,F
IZABELE,F
IZILCARA,F
IZOLINA,F
IZOLITA,F
IOLE,F
IUNA,F
JACI,F
JACIABA,F
JACIARA,F
JACIEMA,F
JACIMAR,F
JACINA,F
JACINIRA,F
JACINTA,F
JACIRA,F
JACIREMA,F
JACK,F
JACLYN,F
JACOBINA,F
JACQUELINE,F
JADA,F
JADE,F
JAIMA,F
JAMIE,F
JAMILA,F
JAMILE,F
JANAINA,F
JANARI,F
JANDAIA,F
JANDAIRA,F
JANDIRA,F
JANE,F
JANEL,F
JANELLE,F
JANET,F
JANETE,F
JANICE,F
JANINE,F
JAPIRA,F
JAQUELINE,F
JARINA,F
JATHARA,F
JAYMA,F
JACARA,F
JEANE,F
JEANETTE,F
JEANINE,F
JECEARA,F
JEKATERINA,F
JEMIMA,F
JEMIME,F
JENIFARI,F
JENIFER,F
JENNIFER,F
JEREMA,F
JERUSA,F
JERUSHA,F
JESEBEL,F
JESSAMINA,F
JESSIE,F
JESSY,F
JESUINA,F
JOANA,F
JOANNES,F
JOCASTA,F
JOELMA,F
JOICE,F
JOLENE,F
JORDANA,F
JOSEANE,F
JOSEFA,F
JOSEFINA,F
JOSELINE,F
JOSENILDA,F
JOSENILDE,F
JOSEPHINE,F
JOSI,F
JOSIANA,F
JOSIE,F
JOSELIA,F
JOVITA,F
JOYCE,F
JOAS,F
JUACIRA,F
JUANITA,F
JUARANA,F
JUATAMA,F
JUBAIA,F
JUDI,F
JUDIT,F
JUDITE,F
JUDITH,F
JUDY,F
JULIANA,F
JULIANNE,F
JULIE,F
JULIETA,F
JULLIANA,F
JUNE,F
JUPIARA,F
JUPIRA,F
JURANDIRA,F
JUREMA,F
JURUNA,F
JUSSARA,F
JUSTA,F
JUSTINA,F
JUSTINE,F
JUTTA,F
JUVENCA,F
JUVENCIA,F
JUCANA,F
JESSICA,F
JENIE,F
JULIA,F
JUNIA,F
KABZA,F
KADICHARI,F
KAIKI,F
KAILA,F
KAILANI,F
KAILENE,F
KAILINA,F
KAKALINA,F
KAKI,F
KALAMELA,F
KALENA,F
KALI,F
KALINA,F
KALOLA,F
KALOLAINA,F
KAMEALAMALAMA,F
KAMI,F
KAMILA,F
KAMMILLE,F
KANAKAKE,F
KANAKE,F
KANELA,F
KANIKE,F
KAOLIN,F
KAREN,F
KARI,F
KARIM,F
KARIN,F
KARINA,F
KARINE,F
KARLA,F
KARLY,F
KAROL,F
KAROLINA,F
KAROLINE,F
KAROLYN,F
KASANDRA,F
KATARINA,F
KATE,F
KATHERINE,F
KATHY,F
KATYA,F
KAYLANE,F
KEAKA,F
KEAKAKONA,F
KEIKE,F
KEIKO,F
KEILA,F
KEKE,F
KEKI,F
KELAMA,F
KELDA,F
KELEKA,F
KELI,F
KELIKA,F
KELLY,F
KELY,F
KEMAL,F
KERENSA,F
KERINA,F
KERSTIN,F
KHADIJA,F
KIARA,F
KIERA,F
KIKA,F
KILAKILA,F
KIN,F
KIOPAA,F
KIRA,F
KODIA,F
KONIA,F
KOPI,F
KRISHNA,F
KRISTA,F
KRISTAL,F
KSENIA,F
KSENYA,F
KUANA,F
KUANNA,F
KUARASHI,F
KUAT,F
KUMARI,F
KURUMI,F
KUUMOMIMAKAMAE,F
KYUNG-SOON,F
KASSIA,F
KATIA,F
KELIA,F
LAA,F
LABDA,F
LACERDA,F
LADARIA,F
LAFAIETE,F
LAFONTAINE,F
LAGUNA,F
LAILA,F
LAIMANA,F
LAINA,F
LAIS,F
LAKINA,F
LAKSHMI,F
LALA,F
LAMARTINE,F
LAMENHA,F
LAMONA,F
LANA,F
LANAKE,F
LANASSA,F
LANE,F
LANETE,F
LANI,F
LARA,F
LARISA,F
LARISSA,F
LATASHA,F
LATONIA,F
LATOYA,F
LAUDA,F
LAUDALIA,F
LAULA,F
LAULENA,F
LAURA,F
LAUREANA,F
LAUREEN,F
LAURETTA,F
LAURINDA,F
LAVERNA,F
LAVERNE,F
LAVONE,F
LAVINEA,F
LAVINIA,F
LAYLA,F
LAISA,F
LEA,F
LEAH,F
LEANDRA,F
LECANORA,F
LEDA,F
LEIKELA,F
LEILA,F
LEILANE,F
LEKANA,F
LEKINALA,F
LELANTA,F
LELITIA,F
LEMUELA,F
LENA,F
LENITA,F
LENORA,F
LEOMIRA,F
LEONOR,F
LEONI,F
LEPEKA,F
LETICE,F
LETICIA,F
LEUCOSIA,F
LEVINDA,F
LEONIA,F
LEONIDAS,F
LI,F
LIA,F
LIBERATA,F
LIBANIA,F
LIDIANE,F
LIDYA,F
LIKA,F
LIKI,F
LILA,F
LILIAM,F
LILIAN,F
LILIANA,F
LILIANE,F
LILITE,F
LILITH,F
LILSA,F
LILY,F
LINCOLN,F
LINDA,F
LINDALVA,F
LINDOIA,F
LINE,F
LINEI,F
LINFA,F
LINH,F
LIS,F
LISETE,F
LISSA,F
LISSANDRA,F
LIUBA,F
LIZ,F
LOKELANI,F
LOKELE,F
LOLITA,F
LOPEKA,F
LORA,F
LORENA,F
LORENZA,F
LORETA,F
LORINDA,F
LORNA,F
LORRAINE,F
LOTIS,F
LOUISE,F
LOURDES,F
LUA,F
LUANA,F
LUCE,F
LUCENA,F
LUCI,F
LUCIANA,F
LUCIDORA,F
LUCIEN,F
LUCIENE,F
LUCILA,F
LUCIMAR,F
LUCINA,F
LUCINEIDE,F
LUCRECIA,F
LUCELIA,F
LUCIOLA,F
LUDMILA,F
LUDOVICA,F
LUISE,F
LUIZA,F
LUIZIANE,F
LUMA,F
LUMIANA,F
LUNA,F
LUPICINIA,F
LURDES,F
LUZIA,F
LUISA,F
LUIZA,F
LYDIA,F
LYUBA,F
LAMIA,F
LASEJA,F
LEA,F
LEIA,F
LELIA,F
LIBIA,F
LIDIA,F
LIGIA,F
LIVIA,F
LUCIA,F
MAALA,F
MABELLE,F
MACIEIRA,F
MACRINA,F
MACARIA,F
MADALENA,F
MADDALENA,F
MADEL,F
MADELBERTA,F
MADELEINE,F
MADELINA,F
MADELINE,F
MADRESSILVA,F
MAES,F
MAFALDA,F
MAGALI,F
MAGDA,F
MAGDALENA,F
MAGIDE,F
MAGNA,F
MAGNOLIA,F
MAHAOO,F
MAHINA,F
MAIARA,F
MAIDA,F
MAIKE,F
MAINARA,F
MAIRE,F
MAISA,F
MAITE,F
MAKELINA,F
MALEAH,F
MALIE,F
MALIKA,F
MALINA,F
MALKA,F
MALLORY,F
MALORI,F
MALUHIA,F
MALVA,F
MALVINA,F
MANACA,F
MANAI,F
MANAOLANA,F
MANDI,F
MANDY,F
MANHANA,F
MANJUSHA,F
MANOELA,F
MANSUETO,F
MANUELA,F
MANUELLA,F
MARA,F
MARANA,F
MARANEIMA,F
MARAIRA,F
MARCELA,F
MARCOLINA,F
MARGARETE,F
MARGARETH,F
MARGARIDA,F
MARGARIT,F
MARGOT,F
MARGO,F
MARI,F
MARIA,F
MARIAH,F
MARIAM,F
MARIANA,F
MARICY,F
MARICI,F
MARICILIA,F
MARIE,F
MARIEL,F
MARIELSA,F
MARIETTA,F
MARIJA,F
MARILDA,F
MARILENA,F
MARILENE,F
MARILSE,F
MARILU,F
MARINA,F
MARIS,F
MARISA,F
MARISE,F
MARISTELA,F
MARIUCHA,F
MARJANI,F
MARJORIE,F
MARJORY,F
MARLA,F
MARLENA,F
MARLENE,F
MARLI,F
MARLISE,F
MARTA,F
MARTHA,F
MARVA,F
MARVEL,F
MARY,F
MARILIA,F
MARINDIA,F
MATILDA,F
MATILDE,F
MATUTINA,F
MAUAD,F
MAURA,F
MAURICIA,F
MAXIMILIANA,F
MAXIMILIENNE,F
MAYARA,F
MAIRA,F
MEDEIA,F
MEIRE,F
MEL,F
MELANIE,F
MELCA,F
MELINA,F
MELINDA,F
MELISSA,F
MELPONE,F
MELVINA,F
MELANIA,F
MENA,F
MENELAIA,F
MERA,F
MERCEDES,F
MESSINA,F
METANIRA,F
MI-CHA,F
MIA,F
MICAELA,F
MICARLA,F
MICHELA,F
MICHELE,F
MICHELLE,F
MICOL,F
MILENA,F
MINA,F
MINNA,F
MIRA,F
MIRABEL,F
MIRABELE,F
MIRACEMA,F
MIRAGLIA,F
MIRANDA,F
MIRELA,F
MIRELLE,F
MIRIAM,F
MIRIAN,F
MIRINA,F
MIRNA,F
MIRTA,F
MIRZA,F
MOAMA,F
MODESTA,F
MOEMA,F
MONA,F
MONALISA,F
MONETA,F
MONIQUE,F
MORGANA,F
MUNIRA,F
MURANA,F
MURTA,F
MUSA,F
MUSIDORA,F
MYRA,F
MYRCIA,F
MYRELLA,F
MACRIS,F
MARCIA,F
MARICA,F
MAXIMA,F
MEGARA,F
MELIA,F
MENCIA,F
MIRIA,F
MORIA,F
MONICA,F
MUCIA,F
MURCIA,F
NADEZHDA,F
NADI,F
NADIR,F
NADY,F
NAIARA,F
NAIDA,F
NAIR,F
NAIRA,F
NAJA,F
NAJLA,F
NAKANA,F
NAKINE,F
NANCI,F
NANCY,F
NANEKI,F
NANETTE,F
NANINE,F
NANA,F
NANA,F
NAOMI,F
NAPEIA,F
NARA,F
NAREA,F
NASSIMA,F
NATACHA,F
NATALIE,F
NATASHA,F
NATHALIA,F
NATALIA,F
NAYANY,F
NAYARA,F
NAZARIELA,F
NAZIRA,F
NAZARIA,F
NAZARIO,F
NAIMA,F
NEDA,F
NEICA,F
NEIDA,F
NEIDE,F
NEILA,F
NEIVA,F
NELITA,F
NELLY,F
NEMEIA,F
NEPUTIRA,F
NEREZA,F
NERIAH,F
NERINA,F
NERINE,F
NERIA,F
NEUSA,F
NEYANY,F
NEOFITA,F
NIARA,F
NICE,F
NICIAS,F
NICOLE,F
NICEIA,F
NILA,F
NILCE,F
NILDA,F
NILDETE,F
NILMA,F
NILME,F
NILZA,F
NINA,F
NIRVANA,F
NISE,F
NITA,F
NOA,F
NOEMI,F
NOEMIA,F
NOLA,F
NOLEKA,F
NOLEMANA,F
NOLINA,F
NONA,F
NORA,F
NORINA,F
NORMA,F
NOEA,F
NOELIA,F
NUNA,F
NADIA,F
NAIADE,F
NASSERA,F
NEIA,F
NERIA,F
NENIA,F
NICIA,F
NIVEA,F
NIVIA,F
NORCIA,F
NUBIA,F
NUNCIA,F
OCIREMA,F
OCRISIA,F
OCTAVIA,F
ODEMARA,F
ODEMIRA,F
ODESSA,F
ODETE,F
ODILA,F
ODELIA,F
ODORIA,F
OFELIA,F
OLDAIRA,F
OLGA,F
OLINDA,F
OLIMPIA,F
OLIVIA,F
ONEIDA,F
ONEIDE,F
ONELIA,F
OPELIA,F
ORIANA,F
ORICEMA,F
ORQUIDEA,F
ORTIGIA,F
OSCARINA,F
OSNIA,F
OTACILIA,F
OTINGA,F
OTAVIA,F
OTILIA,F
OWENA,F
OXANA,F
PAIGE,F
PAKELEKIA,F
PAKI,F
PALAKIKA,F
PALAKINE,F
PALANI,F
PALAPALA,F
PALAPI,F
PALLAS,F
PALMA,F
PALMIRA,F
PALOMA,F
PAMELA,F
PAMPLONA,F
PANDA,F
PANDORA,F
PANE,F
PANEKI,F
PANTEIA,F
PAOLA,F
PATIENCE,F
PATRICIA,F
PAULA,F
PAULETE,F
PAULINA,F
PAULINE,F
PAVUNA,F
PEAKALIKA,F
PEARL,F
PECUNIA,F
PEDDY,F
PEDRINA,F
PEGGY,F
PEI,F
PEIKE,F
PELENA,F
PELIKE,F
PENELOPE,F
PEPITA,F
PERDIDA,F
PERDITA,F
PERLA,F
PERPETUA,F
PERSEIA,F
PETRA,F
PETRONIA,F
PEONIA,F
PIERA,F
PIERINA,F
PIETRA,F
PILAR,F
PINA,F
PLACIDIA,F
PLACIDA,F
POCEMA,F
POGUIRA,F
POLIANA,F
POLICASTA,F
POLICENA,F
POLIKIA,F
POLIXENE,F
POLOLENA,F
POLOLIKA,F
POLIMELA,F
POLINEA,F
POMONA,F
POMPEIA,F
POPPY,F
PORANGA,F
PORCHAT,F
PORCINA,F
POTIRA,F
PRECIOSA,F
PRISCILA,F
PERCIA,F
PEROLA,F
QUANDT,F
QUARACIAMA,F
QUEIROGA,F
QUELI,F
QUELIDONIA,F
QUERUBIM,F
QUIMERA,F
QUINCI,F
QUINTELA,F
QUINTERIA,F
QUIRINA,F
QUIROGA,F
QUIRON,F
QUIRA,F
QUITERIA,F
QUIONE,F
RACHEL,F
RACHELLE,F
RADMILA,F
RAFAELA,F
RAHYSSA,F
RAIMUNDA,F
RAISSA,F
RAMONA,F
RANILDA,F
RANYA,F
RAQUEL,F
RARIA,F
RARUAMA,F
RASCHELE,F
RASHNE,F
RAYANE,F
RAIRA,F
RAISA,F
REBECA,F
REBEKAH,F
REDENTA,F
REGINA,F
RENATA,F
RENITA,F
RHODE,F
RICARDA,F
RINA,F
RISA,F
RITA,F
RIVADAVIA,F
ROAMA,F
ROASLIE,F
ROBERTA,F
ROCEMA,F
ROCHELLE,F
ROGATA,F
ROGERIA,F
ROLANDA,F
ROMANA,F
ROMILDA,F
ROQUIRA,F
RORIZA,F
ROSA,F
ROSALBA,F
ROSALIE,F
ROSAMARIA,F
ROSANA,F
ROSAURA,F
ROSE,F
ROSEANE,F
ROSELI,F
ROSELINDE,F
ROSELY,F
ROSEMARIE,F
ROSEMARY,F
ROSEMEIRE,F
ROSETE,F
ROSILENE,F
ROSIMERI,F
ROSINA,F
ROSINHA,F
ROSITA,F
ROSIVALDA,F
ROSALIA,F
ROSARIA,F
ROSANGELA,F
ROWENA,F
ROZALA,F
ROZALIA,F
RUANA,F
RUBI,F
RUDI,F
RURINA,F
RUTE,F
RUTH,F
REGIA,F
RUBIA,F
SABRINA,F
SAFIRA,F
SAMANTA,F
SAMANTHA,F
SAMARA,F
SAMIRA,F
SANDRA,F
SARA,F
SARAH,F
SEBASTIANA,F
SELMA,F
SEMIRA,F
SEMIRAMIS,F
SERAFINA,F
SERAOME,F
SHEILA,F
SHIRA,F
SHIRLEI,F
SHIRLEY,F
SIBIL,F
SIBILA,F
SIBYL,F
SICUPIRA,F
SIDERIA,F
SIGFRID,F
SIGMARA,F
SIGRID,F
SILA,F
SILENA,F
SILVANA,F
SIMONE,F
SIMPLICIA,F
SINGRID,F
SINESIA,F
SIOMARA,F
SIRENA,F
SIRENE,F
SITA,F
SIV,F
SOCORRO,F
SOFIA,F
SOLANGE,F
SOMINA,F
SONAL,F
SONJA,F
SONYA,F
SOPHIA,F
SOPHIE,F
SORAIA,F
SORAYA,F
STELA,F
STEPHANIE,F
SUCENA,F
SUCUPIRA,F
SUELEN,F
SUELI,F
SUELLEN,F
SUELY,F
SULAMITA,F
SURIEL,F
SUSANA,F
SUSANAE,F
SUSANNE,F
SUSETE,F
SUSIE,F
SUZANA,F
SUZIE,F
SUZY,F
SILVIA,F
SILVYA,F
SONIA,F
TABACEMA,F
TABIRA,F
TABITA,F
TABITHA,F
TACI,F
TACIATA,F
TACICEMA,F
TACIQUARA,F
TACIRA,F
TADEIA,F
TAIANE,F
TAINARA,F
TAINACA,F
TAINA,F
TALASSA,F
TALITA,F
TALEIA,F
TAMIRES,F
TAMIRIS,F
TAMMY,F
TARSILA,F
TATIANA,F
TAYLA,F
TAIA,F
TAIGETE,F
TAIS,F
TEANIRA,F
TELMA,F
TEODOLINDA,F
TEODORA,F
TEOLINDA,F
TERESA,F
TEREZA,F
TEREZINHA,F
TERSA,F
TECAREMA,F
THAINA,F
THAIS,F
THALASSA,F
THALIA,F
THAMIRES,F
THAMIRIS,F
THARA,F
THATIANA,F
THAIS,F
TICIANA,F
TILEXINE,F
TIMANDRA,F
TIRSA,F
TOLINDA,F
TOLOSA,F
TOMASIA,F
TURMALINA,F
TABATA,F
TALIA,F
TAMARA,F
TANIA,F
TEIA,F
TERCIA,F
TONIA,F
TULIA,F
UAIANA,F
UANA,F
UAUIARARA,F
UBANA,F
UBIRACEMA,F
UBIRACI,F
UDA,F
UIARA,F
UMARAMA,F
UNIGENA,F
URBI,F
URIEL,F
VACUNA,F
VALDA,F
VALENTINA,F
VALESCA,F
VALIA,F
VALQUIRIA,F
VALERIA,F
VALENCIA,F
VALONIA,F
VANDA,F
VANESSA,F
VANUSA,F
VASTI,F
VAUGHAN,F
VELMA,F
VENERANDA,F
VENILIA,F
VERA,F
VERENA,F
VERGINIA,F
VERIDIANA,F
VERONICA,F
VIANA,F
VICTORIA,F
VIDYA,F
VILMA,F
VINCIANA,F
VINOLA,F
VIOLETA,F
VIRGILIA,F
VIRGINIA,F
VIRIDIANA,F
VIRNA,F
VISMARA,F
VITA,F
VITALINA,F
VITORIA,F
VIVIAN,F
VIVIANA,F
VIVIANE,F
VIVA,F
VYVIANE,F
VANIA,F
VITULA,F
WADE,F
WAIOLEKA,F
WALDA,F
WALELIA,F
WALESCA,F
WANA,F
WANDA,F
WARDA,F
WELAMA,F
WENCESLAS,F
WHITNEY,F
WIKI,F
WIKOLIA,F
WILDA,F
WILHELMINA,F
WILIKILIA,F
WILMA,F
WILMARA,F
WILA,F
WINIFREDA,F
WISMARA,F
WLADIS,F
WANIA,F
XAVANTINA,F
XAVIERA,F
XENA,F
XENIKA,F
XERAZADE,F
XIMENA,F
XUAN,F
XUXA,F
XENIA,F
YANNI,F
YANNIS,F
YARA,F
YARIN,F
YARMILLA,F
YASMIN,F
YASU,F
YEDA,F
YELENA,F
YEVA,F
YNES,F
YOKO,F
YOLANDA,F
YONE,F
YONA,F
YULA,F
YVONE,F
YVONNE,F
ZADA,F
ZAFIRA,F
ZAHARA,F
ZAHIRAH,F
ZAHRA,F
ZAIDA,F
ZAIDE,F
ZAILA,F
ZAINA,F
ZAKIA,F
ZALIKA,F
ZAMIRA,F
ZANDONE,F
ZANDRA,F
ZARA,F
ZARAH,F
ZARIFA,F
ZARINA,F
ZAYNAB,F
ZAIRA,F
ZEA,F
ZEBULON,F
ZEHAVA,F
ZEINAB,F
ZELDA,F
ZELENKA,F
ZELFA,F
ZELINA,F
ZELINDA,F
ZELMIRA,F
ZEMINA,F
ZENA,F
ZENAIDE,F
ZENE,F
ZENILDA,F
ZENOBIA,F
ZERLINDA,F
ZILDA,F
ZILEMA,F
ZILENA,F
ZILA,F
ZINARA,F
ZORA,F
ZORAH,F
ZORAIDE,F
ZORANA,F
ZOE,F
ZULEICA,F
ZULMA,F
ZULMIRA,F
ZANIA,F
ZELIA,F
ZENIA,F
ZOILO,F
ZOZIMA,F
ADILA,F
AGATA,F
AGDA,F
AGUEDA,F
APIA,F
AQUILA,F
ARTEMIS,F
ASTORA,F
ATALA,F
ANGELA,F
ANIMA,F
EDNIE,F
ELIDA,F
ERICA,F
ERIKA,F
ERYCA,F
ESIA,F
IRIA,F
IRIS,F
ULIMA,F
URSULA,F
VALDINEIA,F
